tradingsymbol,name
HANGSENG BEES-NAV,HANGSENG BEES-NAV
INDIA VIX,INDIA VIX
GOLDSTAR-SM,GOLDSTAR POWER
AARTIIND,AARTI INDUSTRIES
ABB,ABB INDIA
STYRENIX,STYRENIX PERFORMANCE
ACC,ACC
ADANIENT,ADANI ENTERPRISES
GATECHDVR-BE,GACM TECHNOLOGIES
ADORWELD,ADOR WELDING
AEGISLOG,AEGIS LOGISTICS
HAPPSTMNDS,HAPPIEST MINDS TECHNO
ALEMBICLTD,ALEMBIC
BETA-SM,BETA DRUGS
CMMIPL-ST,CMM INFRAPROJECTS
ARE&M,AMARA RAJA ENERGY MOB
SHAREINDIA,SHARE IND. SECURITIES
OMFURN-SM,OMFURN INDIA
ROUTE,ROUTE MOBILE
ANDHRSUGAR,ANDHRA SUGARS
SRPL-BE,SHREE RAM PROTEINS
GODREJAGRO,GODREJ AGROVET
APCOTEXIND,APCOTEX INDUSTRIES LIMITE
APOLLOHOSP,APOLLO HOSPITALS ENTER. L
MILTON-SM,MILTON INDUSTRIES
APOLLOTYRE,APOLLO TYRES
ANDHRAPAP,ANDHRA PAPER
ARENTERP,RAJDARSHAN INDUSTRIES
TCPLPACK,TCPL PACKAGING
ARVIND,ARVIND
MASFIN,MAS FINANCIAL SERV
UNIDT,UNITED DRILLING TOOLS
ASHAPURMIN,ASHAPURA MINECHEM
ASHIMASYN,ASHIMA
ASHOKLEY,ASHOK LEYLAND
IEX,INDIAN ENERGY EXC
ASIANPAINT,ASIAN PAINTS
AAKASH-BE,AAKASH EXPLORATION SER L
ADL,ARCHIDPLY DECOR
NIRAJ,NIRAJ CEMENT STRUC
ATUL,ATUL
CHEMCON,CHEMCON SPECIAL CHEM
AUROPHARMA,AUROBINDO PHARMA
GICRE,GENERAL INS CORP OF INDIA
AUTOAXLES,AUTOMOTIVE AXLES
BAJAJHLDNG,BAJAJ HOLDINGS & INVS
BAJAJHIND,BAJAJ HINDUSTHAN SUGAR LT
TIINDIA,TUBE INVEST OF INDIA
BAJFINANCE,BAJAJ FINANCE
ANGELONE,ANGEL ONE
VALIANTORG,VALIANT ORGANICS
BALKRISIND,BALKRISHNA IND.
BALMLAWRIE,BALMER LAWRIE & CO
BALRAMCHIN,BALRAMPUR CHINI MILLS
CAMS,COMPUTER AGE MNGT SER
BANARBEADS,BANARAS BEADS
BANARISUG,BANNARI AMMAN SUGARS
NAM-INDIA,NIPPON L I A M
ROML-BE,RAJ OIL MILLS
BASF,BASF INDIA
BATAINDIA,BATA INDIA
BBTC,BOMBAY BURMAH TRADING COR
SINTERCOM,SINTERCOM INDIA
BEL,BHARAT ELECTRONICS
MAHLOG,MAHINDRA LOGISTIC
GLOBE,GLOBE TEXTILES (I)
BEML,BEML
NIACL,THE NEW INDIA ASSU CO
BERGEPAINT,BERGER PAINTS (I)
BEPL,BHANSALI ENG. POLYMERS LT
BHARATFORG,BHARAT FORGE
KHADIM,KHADIM INDIA
BHARATGEAR,BHARAT GEARS
IFGLEXPOR,IFGL REFRACTORIES
BHEL,BHEL
5PAISA,5PAISA CAPITAL
HDFCLIFE,HDFC LIFE INS CO
OSWALGREEN,OSWAL GREENTECH
3MINDIA,3M INDIA
BIRLACABLE,BIRLA CABLE
BIRLACORPN,BIRLA CORPORATION
AISL-ST,ANI INTEGRATED SERV
ICEMAKE,ICE MAKE REFRIGERAT
BLUEDART,BLUE DART EXPRESS
PULZ-SM,PULZ ELECTRONICS
MAZDOCK,MAZAGON DOCK SHIPBUIL
BOMDYEING,BOMBAY DYEING & MFG. CO L
ICICIB22,ICICIPRAMC - BHARATIWIN
BPCL,BHARAT PETROLEUM CORP  LT
UTIAMC,UTI ASSET MNGMT CO
BPL,BPL
BRITANNIA,BRITANNIA INDUSTRIES
RELINFRA,RELIANCE INFRASTRUCTU
BSL,BSL
FELIX-SM,FELIX INDUSTRIES
LIKHITHA,LIKHITHA INFRASTRUC
CANFINHOME,CAN FIN HOMES
GRAPHITE,GRAPHITE INDIA
CARBORUNIV,CARBORUNDUM UNIVERSAL
CENTENKA,CENTURY ENKA
CENTURYTEX,CENTURY TEXTILES
CESC,CESC
IGARASHI,IGARASHI MOTORS INDIA
CHAMBLFERT,CHAMBAL FERTILIZERS
DNAMEDIA,DILIGENT MEDIA CORP
SUULD-BE,SUUMAYA INDUSTRIES
INNOVANA-SM,INNOVANA THINKLABS
EXIDEIND,EXIDE INDUSTRIES
CHOLAFIN,CHOLAMANDALAM IN & FIN CO
CIPLA,CIPLA
HEMIPROP,HEMISPHERE PROP IND
DICIND,DIC INDIA
SHALBY,SHALBY
HEUBACHIND,HEUBACH COLORANTS IND
SHRADHA-BE,SHRADHA INFRAPROJECTS
SBIETFPB,SBIAMC - SBIETFPB
COROMANDEL,COROMANDEL INTERNTL.
SBIETFIT,SBIAMC - SBIETFIT
COSMOFIRST,COSMO FIRST
CRISIL,CRISIL
CGPOWER,CG POWER AND IND SOL
DABUR,DABUR INDIA
DALMIASUG,DALMIA BHARAT SUG IN
SHIVATEX,SHIVA TEXYARN
DCM,DCM
BSHSL,BOMBAY SUPER HYBRID SEEDS
DCMSHRIRAM,DCM SHRIRAM
DCW,DCW
DEEPAKFERT,DEEPAK FERTILIZERS & PETR
BANKA-BE,BANKA BIOLOO
SMVD-ST,SMVD POLY PACK
DHAMPURSUG,DHAMPUR SUGAR MILLS
ASTRON-BE,ASTRON PAPER BORD MIL
DRREDDY,DR. REDDY S LABORATORIES
KHAICHEM,KHAITAN CHEM & FERT
EICHERMOT,EICHER MOTORS
EQUITASBNK,EQUITAS SMALL FIN BNK
EIDPARRY,EID PARRY INDIA
EIHOTEL,EIH
ORCHPHARMA,ORCHID PHARMA
ELECTCAST,ELECTROSTEEL CASTINGS
DPABHUSHAN,D. P. ABHUSHAN
ELGIEQUIP,ELGI EQUIPMENTS
PGHL,PROCTER & GAMBLE HEALTH L
ESABINDIA,ESAB INDIA
ESCORTS,ESCORTS KUBOTA
SUBEXLTD,SUBEX
EPL,EPL
EVERESTIND,EVEREST INDUSTRIES
EUROTEXIND,EUROTEX INDUSTRIES
FACT,FACT
SCHAEFFLER,SCHAEFFLER INDIA
FEDERALBNK,FEDERAL BANK
AARON,AARON INDUSTRIES
FINCABLES,FINOLEX CABLES
FINPIPE,FINOLEX INDUSTRIES
AXISBNKETF,AXISAMC - AXISBNKETF
UFLEX,UFLEX
FOSECOIND,FOSECO INDIA
ZENSARTECH,ZENSAR TECHNOLOGIES 
GABRIEL,GABRIEL INDIA
GARFIBRES,GARWARE TECH FIBRES
DANGEE,DANGEE DUMS
GHCL,GHCL
APOLLO,APOLLO MICRO SYSTEMS
GTECJAINX-BE,G-TEC JAINX EDUCATION
GICHSGFIN,GIC HOUSING FINANCE
GINNIFILA,GINNI FILAMENTS
SDL24BEES,NIPPON INDIA- NIMFXX
GIPCL,GUJ IND POW CO.
GLAXO,GLAXOSMITHKLINE PHARMA LT
NEWGEN,NEWGEN SOFTWARE TECH
GMBREW,G M BREWERIES
GNFC,GUJ NAR VAL FER & CHEM L
GODFRYPHLP,GODFREY PHILLIPS INDIA LT
AMBER,AMBER ENTERPRISES (I)
GLAND,GLAND PHARMA
FMGOETZE,FEDERAL-MOGUL GOETZE (IND
KANSAINER,KANSAI NEROLAC PAINTS
ESG,MIRAEAMC - MAESGETF
DELTAMAGNT,DELTA MANUFACTURING
PRAXIS-BE,PRAXIS HOME RETAIL
SOLEX-SM,SOLEX ENERGY
GRASIM,GRASIM INDUSTRIES
GREAVESCOT,GREAVES COTTON
GSFC,GUJ STATE FERT & CHEM
CASTROLIND,CASTROL INDIA
GUJALKALI,GUJARAT ALKALIES & CHEM
AMBUJACEM,AMBUJA CEMENTS
VASA-SM,VASA RETAIL & OVERSEA
GFLLIMITED,GFL
HARRMALAYA,HARRISON MALAYALAM
GALAXYSURF,GALAXY SURFACTANTS
MARINE,MARINE ELECTRICAL (I)
HDFCBANK,HDFC BANK
HEG,HEG
SDBL,SOM DIST & BREW
HEROMOTOCO,HERO MOTOCORP
HIMATSEIDE,HIMATSINGKA SEIDE
HINDALCO,HINDALCO  INDUSTRIES 
HINDCOMPOS,HINDUSTAN COMPOSITES
HCC,HINDUSTAN CONSTRUCTION CO
HINDUNILVR,HINDUSTAN UNILEVER
SUPREMEENG-BE,SUPREME ENGINEERING
HINDOILEXP,HINDUSTAN OIL EXPLORATION
HINDPETRO,HINDUSTAN PETROLEUM CORP
AGI,AGI GREENPAC
GLOBAL-BE,GLOBAL EDUCATION
HINDZINC,HINDUSTAN ZINC
MHHL-SM,MOHINI HEALTH&HYGIENE
SANOFI,SANOFI INDIA
HIL,HIL
AKZOINDIA,AKZO NOBEL INDIA
ACCURACY-BE,ACCURACY SHIPPING
IDBI,IDBI BANK
REPL,RUDRABHISHEK ENTERP
IFBAGRO,IFB AGRO INDUSTRIES
IFBIND,IFB INDUSTRIES
IFCI,IFCI
RBA,RESTAURANT BRAND ASIA
SHIVAMILLS,SHIVA MILLS
MOGSEC,MOTILALAMC - G5
ASTERDM,ASTER DM HEALTHCARE
INDHOTEL,THE INDIAN HOTELS CO.
INDIACEM,THE INDIA CEMENTS
INDIAGLYCO,INDIA GLYCOLS
INDIANHUME,INDIAN HUME PIPE CO.
RKEC-BE,RKEC PROJECTS
RVHL,RAVINDER HEIGHTS
GMMPFAUDLR,GMM PFAUDLER
GILLETTE,GILLETTE INDIA
TARC,TARC
MGEL,MANGALAM GLOBAL ENT
INFY,INFOSYS
INGERRAND,INGERSOLL-RAND INDIA
GODHA,GODHA CABCON INSULAT
FAIRCHEMOR,FAIRCHEM ORGANICS
TATAINVEST,TATA INVESTMENT CORP
IOC,INDIAN OIL CORP
LINDEINDIA,LINDE INDIA
BECTORFOOD,MRS BECTORS FOOD SPE
IONEXCHANG,ION EXCHANGE (INDIA)
IPCALAB,IPCA LABORATORIES
ITC,ITC
ATFL,AGRO TECH FOODS
HGINFRA,H.G.INFRA ENGINEERING
ITI,ITI
IVP,IVP
JAYBARMARU,JAY BHARAT MARUTI
JAYSREETEA,JAYSHREE TEA & INDUSTRIES
JBCHEPHARM,J B CHEMICALS AND PHARMA
JINDALPOLY,JINDAL POLY FILMS
KANPRPLA,KANPUR PLASTIPACK
AWHCL,ANTONY WASTE HDG CELL
KABRAEXTRU,KABRA EXTRUSION TECHNIK L
KAJARIACER,KAJARIA CERAMICS
KAKATCEM,KAKATIYA CEM SUGAR &IND L
KPIL,KALPATARU PROJECT INT
KAMATHOTEL,KAMAT HOTELS (I)
KANORICHEM,KANORIA CHEMICALS & INDUS
KARURVYSYA,KARUR VYSYA BANK
KCP,KCP
KESORAMIND,KESORAM INDUSTRIES
CARYSIL,CARYSIL
CUMMINSIND,CUMMINS INDIA
KOPRAN,KOPRAN
KOTAKBANK,KOTAK MAHINDRA BANK
WEALTH,WEALTH FRST PORT. MG.
LIQUIDETF,DSP LIQUID ETF
KREBSBIO,KREBS BIOCHEMICALS & IND
KSB,KSB
TRENT,TRENT
LAXMIMACH,LAKSHMI MACHINES
LIBERTSHOE,LIBERTY SHOES
LICHSGFIN,LIC HOUSING FINANCE
AHLADA-BE,AHLADA ENGINEERS
LUMAXIND,LUMAX INDUSTRIES
LYKALABS,LYKA LABS
IRFC,INDIAN RAILWAY FIN CORP L
M&M,MAHINDRA & MAHINDRA
RAMCOCEM,THE RAMCO CEMENTS
INDIGOPNTS,INDIGO PAINTS
CHENNPETRO,CHENNAI PETROLEUM CORP LT
HOMEFIRST,HOME FIRST FIN CO IND
VTL,VARDHMAN TEXTILES
MAHSCOOTER,MAHARASHTRA SCOOTERS
MAHSEAMLES,MAHARASHTRA SEAMLESS
MANGLMCEM,MANGALAM CEMENT
STOVEKRAFT,STOVE KRAFT
MARALOVER,MARAL OVERSEAS
MASTEK,MASTEK
MDL-SM,MARVEL DECOR
MFSL,MAX FINANCIAL SERV
BDL,BHARAT DYNAMICS
RAJMET,RAJNANDINI METAL
AKG,AKG EXIM
BOSCHLTD,BOSCH
SUNDARMHLD,SUNDARAM FINANCE HOLD
GENCON,GENERIC ENG CONS PROJ
MIRCELECTR,MIRC ELECTRONICS
PENINLAND,PENINSULA LAND
MOREPENLAB,MOREPEN LAB.
BANDHANBNK,BANDHAN BANK
MOTOGENFIN,MOTOR & GENERAL FINANCE L
IRISDOREME,IRIS CLOTHINGS
MRF,MRF
MRPL,MRPL
HLEGLAS,HLE GLASCOAT
MTNL,MAHANAGAR TELEPHONE NIGAM
HAL,HINDUSTAN AERONAUTICS
BESTAGRO,BEST AGROLIFE
MUNJALSHOW,MUNJAL SHOWA
MURUDCERA,MURUDESHWAR CERAMICS
HEIDELBERG,HEIDELBERGCEMENT (I)
NCC,NCC
SMCGLOBAL,SMC GLOBAL SECURITIES
CPSEETF,CPSE ETF
JAYNECOIND,JAYASWAL NECO INDUSTR
NURECA,NURECA
KBCGLOBAL,KBC GLOBAL
GIRIRAJ-ST,GIRIRAJ CIVIL DEVP
NAVNETEDUL,NAVNEET EDUCATION
NELCO,NELCO
SANDHAR,SANDHAR TECHNOLOGIES
NEULANDLAB,NEULAND LAB
PEL,PIRAMAL ENTERPRISES
NILKAMAL,NILKAMAL
RAILTEL,RAILTEL CORP OF IND
CONSUMBEES,NIP IND ETF CONSUMPTION
NKIND,NK INDUSTRIES
NOCIL,NOCIL
CENTRUM,CENTRUM CAPITAL
MIDHANI,MISHRA DHATU NIGAM
ONGC,OIL AND NATURAL GAS CORP.
ONWARDTEC,ONWARD TECHNOLOGIES
ISEC,ICICI SECURITIES
SILGO,SILGO RETAIL
ORIENTHOT,ORIENT HOTELS
ORIENTPPR,ORIENT PAPER AND INDS
BCLIND,BCL INDUSTRIES
OSWALAGRO,OSWAL AGRO MILLS
CONTI-SM,CONTINENTAL SEED CHEM
PGHH,P&G HYGIENE & HEALTH CARE
HUHTAMAKI,HUHTAMAKI INDIA
3PLAND,3P LAND HOLDINGS
AMJLAND,AMJ LAND HOLDINGS
PARTYCRUS-SM,PARTY CRUISERS
LEMONTREE,LEMON TREE HOTELS
HERANBA,HERANBA INDUSTRIES
SEAMECLTD,SEAMEC
IT,KOTAKMAMC - KOTAKIT
DIVOPPBEES,NIP IND ETF DIV OPP
PFIZER,PFIZER
PCBL,PCBL
DRCSYSTEMS-BE,DRC SYSTEMS INDIA
PIDILITIND,PIDILITE INDUSTRIES
VERA-SM,VERA SYNTHETIC
POLYPLEX,POLYPLEX CORPORATION
PRAJIND,PRAJ INDUSTRIES
PRAKASH,PRAKASH INDUSTRIES
MTARTECH,MTAR TECHNOLOGIES
PRECOT,PRECOT
BUTTERFLY,BTRFLY GANDHI APPL
PRECWIRE,PRECISION WIRES INDIA
PRSMJOHNSN,PRISM JOHNSON
JUBLINGREA,JUBILANT INGREVIA
EASEMYTRIP,EASY TRIP PLANNERS
RSWM,RSWM
CHEMFAB,CHEMFAB ALKALIS
RAJSREESUG,RAJSHREE SUGAR & CHEMICAL
RALLIS,RALLIS INDIA
ARVEE-BE,ARVEE LABORATORIES I
ANURAS,ANUPAM RASAYAN INDIA
RANASUG,RANA SUGARS
MAHICKRA-SM,MAHICKRA CHEMICAL
LXCHEM,LAXMI ORGANIC INDUS
RANEHOLDIN,RANE HOLDINGS
CRAFTSMAN,CRAFTSMAN AUTOMATION
RCF,RASHTRIYA CHEMICALS & FER
HITECH,HI-TECH PIPES
RELIANCE,RELIANCE INDUSTRIES
RICOAUTO,RICO AUTO INDUSTRIES
RIIL,RELIANCE INDUSTRIAL INFRA
RUBYMILLS,THE RUBY MILLS
KALYANKJIL,KALYAN JEWELLERS IND
SAIL,STEEL AUTHORITY OF INDIA
SAKHTISUG,SAKTHI SUGARS
SURYODAY,SURYODAY SMALL FIN BK
ORIENTELEC,ORIENT ELECTRIC
ORTINLAB,ORTIN LABORATORIES
NAZARA,NAZARA TECHNOLOGIES
SANDESH,SANDESH
SANGHIIND,SANGHI INDUSTRIES
SUVIDHAA,SUVIDHAA INFOSERVE
BSE500IETF,ICICIPRAMC - ICICI500
WONDERLA,WONDERLA HOLIDAYS
KOHINOOR,KOHINOOR FOODS
AXISTECETF,AXISAMC - AXISTECETF
SAURASHCEM,SAURASHTRA CEMENT
SOTL,SAVITA OIL TECHNOLO.
SDL26BEES,RELCAPAMC-NETFSDL26
JINDALSAW,JINDAL SAW
SBIN,STATE BANK OF INDIA
SCI,SHIPPING CORP OF INDIA LT
VEDL,VEDANTA
SESHAPAPER,SESHASAYEE PAPER & BOARDS
SHANTIGEAR,SHANTHI GEARS
INDOSTAR,INDOSTAR CAPITAL FIN
SHREDIGCEM,SHREE DIGVIJAY CEM CO
SHREECEM,SHREE CEMENT
SHREYANIND,SHREYANS INDUSTRIES
BARBEQUE,BARBEQUE NATION HOSP.
SHREYAS,SHREYAS SHIPPING & LOGIST
HONDAPOWER,HONDA I POWER PRODUCT
SIDDHIKA-SM,SIDDHIKA COATINGS
BORORENEW,BOROSIL RENEWABLES
SIEMENS,SIEMENS
GILT5YBEES,RELCAPAMC - NETFGILT5Y
SKFINDIA,SKF INDIA
VMARCIND-SM,V MARC INDIA
LODHA,MACROTECH DEVELOPERS
JTEKTINDIA,JTEKT INDIA
NITIRAJ-BE,NITIRAJ ENGINEERS
SPIC,SPIC
SRF,SRF
TEMBO,TEMBO GLOBAL IND
STARPAPER,STAR PAPER MILLS
DEEPINDS,DEEP INDUSTRIES
SPMLINFRA,SPML INFRA
SUBROS,SUBROS
MODISONLTD-BE,MODISON
SUDARSCHEM,SUDARSHAN CHEMICAL INDS L
ISGEC,ISGEC HEAVY ENG
SUNDARMFIN,SUNDARAM FINANCE
SUNDRMFAST,SUNDRAM FASTENERS
SUNFLAG,SUNFLAG IRON AND STEEL CO
SUNPHARMA,SUN PHARMACEUTICAL IND L
SUPERSPIN,SUPER SPINNING MILLS
SUPREMEIND,SUPREME INDUSTRIES
SURYAROSNI,SURYA ROSHNI
SWARAJENG,SWARAJ ENGINES
SMLISUZU,SML ISUZU
AGARIND,AGARWAL INDS CORP
AJOONI,AJOONI BIOTECH
TATACHEM,TATA CHEMICALS
TATAELXSI,TATA ELXSI
HONAUT,HONEYWELL AUTOMATION IND
TATAPOWER,TATA POWER CO
TATACONSUM,TATA CONSUMER PRODUCT
BBOX,BLACK BOX
TATAMOTORS,TATA MOTORS
TFCILTD,TOURISM FINANCE CORP. OF
THERMAX,THERMAX
THOMASCOOK,THOMAS COOK (INDIA)
CLSEL,CHAMAN LAL SETIA EXP
TIRUMALCHM,THIRUMALAI CHEMICALS
TATASTEEL,TATA STEEL
TITAN,TITAN COMPANY
MAFANG,MIRAEAMC - MAFANG
TNPETRO,TAMILNADU PETROPRODUCTS L
TORNTPHARM,TORRENT PHARMACEUTICALS L
AXISBPSETF,AXISAMC - AXISBPSETF
TTKPRESTIG,TTK PRESTIGE
EQUIPPP-BE,EQUIPPP SOC IMP TECH
ADANIGREEN,ADANI GREEN ENERGY
UCAL,UCAL
UNICHEMLAB,UNICHEM LABORATORIES
MOKSH-BE,MOKSH ORNAMENTS
UNIVCABLES,UNIVERSAL CABLES
AXISHCETF,AXISAMC - AXISHCETF
HEALTHIETF,ICICIPRAMC - ICICIPHARM
JUBLPHARMA,JUBILANT PHARMOVA
VARDMNPOLY,VARDHMAN POLYTEX
SOLARA,SOLARA ACTIVE PHA SCI
VESUVIUS,VESUVIUS INDIA
VINDHYATEL,VINDHYA TELELINKS
VIPIND,VIP INDUSTRIES
VLSFINANCE,VLS FINANCE
VOLTAS,VOLTAS
TATACOMM,TATA COMMUNICATIONS
VSTIND,VST INDUSTRIES
ANMOL-BE,ANMOL INDIA
WALCHANNAG,WALCHANDNAGAR INDUSTRIES
FINEORG,FINE ORGANIC IND.
VENKEYS,VENKY S (INDIA)
RITES,RITES
WHEELS,WHEELS INDIA
WILLAMAGOR,WILLIAMSON MAGOR
IWEL,INOX WIND ENERGY
WIPRO,WIPRO
WSTCSTPAPR,WEST COAST PAPER MILLS LT
VINEETLAB,VINEET LABORATORIES
ZEEL,ZEE ENTERTAINMENT ENT
ARIHANTCAP,ARIHANT CAPITAL MKTS
ZUARIIND,ZUARI INDUSTRIES
BHARATRAS,BHARAT RASAYAN
TOKYOPLAST,TOKYO PLAST INTL
VARROC,VARROC ENGINEERING
SOMANYCERA,SOMANY CERAMICS
HATSUN,HATSUN AGRO PRODUCT
CAPLIPOINT,CAPLIN POINT LAB
PREMIERPOL,PREMIER POLYFILM
KHAITANLTD,KHAITAN (INDIA)LTD.
NATCOPHARM,NATCO PHARMA
JAKHARIA-ST,JAKHARIA FABRIC
GOCLCORP,GOCL CORPORATION
REMSONSIND,REMSONS INDUSTRIES
TNPL,TAMILNADU NEWSPRT & PAPER
GREENPLY,GREENPLY INDUSTRIES
CORALFINAC,CORAL INDIA FIN & HOUS LT
PVP,PVP VENTURES
NAVA,NAVA
JAYAGROGN,JAYANT AGRO ORGANICS
PANACEABIO,PANACEA BIOTEC
MARICO,MARICO
AMBANIORG-SM,AMBANI ORGANICS
SILINV,SIL INVESTMENTS
HBSL,HB STOCKHOLDINGS
SAMBHAAV,SAMBHAAV MEDIA
BIOFILCHEM,BIOFIL CHEM & PHARMA
NORBTEAEXP,NORBEN TEA & EXPORTS
TCNSBRANDS,TCNS CLOTHING CO.
SUNDRMBRAK,SUNDARAM BRAK LININGS
SANGAMIND,SANGAM (INDIA)
MOTHERSON,SAMVRDHNA MTHRSN INTL
UCL-SM,USHANTI COLOUR CHEM
VISAKAIND,VISAKA INDUSTRIES
WENDT,WENDT (INDIA)
HDFCAMC,HDFC AMC
DENORA,DE NORA INDIA
STERTOOLS,STERLING TOOLS
SHRIRAMFIN,SHRIRAM FINANCE
PUNJABCHEM,PUNJAB CHEM & CROP PROT L
SENSEXIETF,ICICI PRUD SENSEX ETF
GULFOILLUB,GULF OIL LUB. IND.
MIRZAINT,MIRZA INTERNATIONAL LIMIT
JAGSNPHARM,JAGSONPAL PHARMACEUTICALS
CREDITACC,CREDITACCESS GRAMEEN
INDIANCARD,INDIAN CARD CLOTHING CO.
AARTIDRUGS,AARTI DRUGS
ALKYLAMINE,ALKYL AMINES CHEM.
JCHAC,JOHNSON CONTROLS HITACHI
MPHASIS,MPHASIS
SIGIND,SIGNET INDUSTRIES
DYNAMATECH,DYNAMATIC TECHNOLOGIES
NEXT50IETF,ICICIPRAMC - ICICINXT50
GUJRAFFIA,GUJARAT RAFFIA INDUST
RUCHINFRA,RUCHI INFRASTRUCTURE
RAMCOIND,RAMCO INDUSTRIES
KOTHARIPET,KOTHARI PETROCHEM
HERITGFOOD,HERITAGE FOODS
AILIMITED-ST,ABHISHEK INTEGRATIONS
SBCL,SHIVALIK BIMETAL CON.
BANKBARODA,BANK OF BARODA
SONACOMS,SONA BLW PRECISION FRGS L
SHYAMMETL,SHYAM METALICS AND ENGY L
GAIL,GAIL (INDIA)
SKMEGGPROD,SKM EGG PROD EXPORT(I) LT
BANKINDIA,BANK OF INDIA
INDNIPPON,INDIA NIPPON ELECT 
CONCOR,CONTAINER CORP OF IND
INDRAMEDCO,INDRAPRASTHA MEDICAL CORP
KCPSUGIND,KCP SUGAR IND CORP
GTL-BE,GTL
DODLA,DODLA DAIRY
LIQUIDIETF,ICICIPRAMC - ICICILIQ
SNOWMAN,SNOWMAN LOGISTICS
KIMS,KRISHNA INST OF MED SCI L
INDSWFTLAB,IND SWIFT LABORATORIES LT
SAREGAMA,SAREGAMA INDIA
FDC,FDC
ENGINERSIN,ENGINEERS INDIA
MADRASFERT,MADRAS FERTILISERS
HINDCON-BE,HINDCON CHEMICALS
IPL,INDIA PESTICIDES
WEIZMANIND-BE,WEIZMANN
ADROITINFO,ADROIT INFOTECH
GANGAFORGE-BE,GANGA FORGING
ICICIBANK,ICICI BANK
PHARMABEES,NIPPONAMC - NETFPHARMA
IRCON,IRCON INTERNATIONAL
SHARDACROP,SHARDA CROPCHEM
WALPAR-SM,WALPAR NUTRITIONS
SVPGLOB,SVP GLOBAL TEXTILES
CLEAN,CLEAN SCIENCE & TECH
GRINFRA,G R INFRAPROJECTS
SPECTRUM-SM,SPECTRUM ELECTRIC IND
SHEMAROO,SHEMAROO ENTER.
ZOMATO,ZOMATO
KPIGREEN,KPI GREEN ENERGY
SGIL,SYNERGY GREEN IND.
HLVLTD-BE,HLV
CIGNITITEC,CIGNITI TECHNOLOGIES
JAICORPLTD,JAI CORP
TATVA,TATVA CHIN PHARM CHEM
SBIETFCON,SBIAMC - SBIETFCON
STYLAMIND,STYLAM INDUSTRIES
ANTGRAPHIC,ANTARCTICA
GMDCLTD,GUJARAT MINERAL DEV CORP
BFSI,MIRAEAMC - MAFSETF
MAHAPEXLTD,MAHA RASHTRA APEX COPR. L
AAREYDRUGS-BE,AAREY DRUGS & PHARM
INDUSINDBK,INDUSIND BANK
PDSL,PDS
GLS,GLENMARK LIFE SCIENCE
ROLEXRINGS,ROLEX RINGS
PRITIKAUTO,PRITIKA AUTO INDUS
NPST-SM,NETWORK PEOPLE SRV TECH L
FMCGIETF,ICICIPRAMC - ICICIFMCG
REXPIPES-SM,REX PIPES AND CABLES
UGROCAP,UGRO CAPITAL
EXXARO,EXXARO TILES
KRSNAA,KRSNAA DIAGNOSTICS
WINDLAS,WINDLAS BIOTECH
DEVYANI,DEVYANI INTERNATIONAL
ASAHIINDIA,ASAHI INDIA GLASS
EPIGRAL,EPIGRAL
AAVAS,AAVAS FINANCIERS
MOL,MEGHMANI ORGANICS
NGIL,NAKODA GROUP OF IND.
CARTRADE,CARTRADE TECH
NUVOCO,NUVOCO VISTAS CORP
APTUS,APTUS VALUE HSG FIN I
CHEMPLASTS,CHEMPLAST SANMAR
DUGLOBAL-SM,DUDIGITAL GLOBAL
PARIN-SM,PARIN FURNITURE
GRSE,GARDEN REACH SHIP&ENG
JYOTISTRUC-BE,JYOTI STRUCTURES
YUKEN,YUKEN INDIA
SERVOTECH,SERVOTECH POWER SYS
JAIPURKURT-BE,NANDANI CREATION
KOTHARIPRO,KOTHARI PRODUCTS
ABMINTLLTD-BE,ABM INTERNATIONAL
AMIORG,AMI ORGANICS
VIJAYA,VIJAYA DIAGNOSTIC CEN
INTLCONV,INTL CONVEYORS
ASTRAZEN,ASTRAZENECA PHARMA IND LT
GANESHBE,GANESH BENZOPLAST
ITDCEM,ITD CEMENTATION INDIA
PAR,PAR DRUGS AND CHEM
J&KBANK,J & K BANK
SHANTI-BE,SHANTI OVERSEAS INDIA
BEWLTD-SM,BEW ENGINEERING
ARCHIES,ARCHIES
CUB,CITY UNION BANK
AXISCETF,AXISAMC - AXISCETF
HCL-INSYS-BE,HCL INFOSYSTEMS-DEPO SETT
CYIENT,CYIENT
SANSERA,SANSERA ENGINEERING
MASPTOP50,MIRAEAMC - MASPTOP50
BANKNIFTY1,KOTAKMAMC-KOTAKBKETF
LAGNAM-BE,LAGNAM SPINTEX
QUADPRO-SM,QUADPRO ITES
AXISBANK,AXIS BANK
PARAS,PARAS DEF AND SPCE TECH L
INTELLECT,INTELLECT DESIGN ARENA
MONTECARLO,MONTE CARLO FASHIONS
UWCSL-SM,ULTRA WIRING CONN SYS
SOUTHBANK,THE SOUTH INDIAN BANK
BSLSENETFG,BIRLASLAMC - BSLSENETFG
RAYMOND-BE,RAYMOND - DEP SETT
COASTCORP,COASTAL CORPORATION
JAINAM-SM,JAINAM FER ALLOYS (I)
ABSLAMC,ADIT BIRL SUN LIF AMC
EIFFL,EURO (I) FRESH FOODS
PASUPTAC,PASUPATI ACRYLON
CYBERTECH,CYBERTECH SYSTEMS & SOFTW
BMETRICS-SM,BOMBAY METRICS S C
LICNETFGSC,LICNAMC - LICNMFET
ATGL,ADANI TOTAL GAS
AIROLAM,AIRO LAM
DYNAMIC-SM,DYNAMIC SRVCS & SEC
DESTINY-ST,DESTINY LOGISTICS & I
GOODLUCK,GOODLUCK INDIA
DIGJAMLMTD-BE,DIGJAM
PANSARI,PANSARI DEVELOPERS
ARTNIRMAN,ART NIRMAN
BHAGCHEM,BHAGIRADHA CHEM & INDS L
FCL,FINEOTEX CHEMICAL
CAMLINFINE,CAMLIN FINE SCIENCES
SIKKO-BE,SIKKO INDUSTRIES
DTIL,DHUNSERI TEA & IND.
3IINFOLTD,3I INFOTECH
PREMIER-BE,PREMIER
DKEGL-SM,D K ENTERPRISES GLOBAL L
SELMC,SEL MANUFACTURING CO
MEDICAMEQ,MEDICAMEN BIOTECH
GULPOLY,GULSHAN POLYOLS
HEALTHY,BIRLASLAMC - HEALTHY
APOLSINHOT,APOLLO SINDOORI HOTEL
NATIONALUM,NATIONAL ALUMINIUM CO
CCHHL-BE,COUNTRY CLUB HOSP HOL
LAMBODHARA,LAMBODHARA TEXTILES
KRITI,KRITI INDUSTRIES IND
MANORG-BE,MANGALAM ORGANICS
KOTYARK-SM,KOTYARK INDUSTRIES
CONSUMIETF,ICICIPRAMC - ICICICONSU
TECHNOE-BE,TECHNO ELEC & ENG CO.
SHUBHLAXMI-SM,SHUBHLAXMI JEWEL ART
TECH,BIRLASLAMC - TECH
IRIS-BE,IRIS BUSINESS SERV
NYKAA,FSN E COMMERCE VENTURES
GRPLTD-BE,GRP
LAXMICOT,LAXMI COTSPIN
FINOPB,FINO PAYMENTS BANK
NIDAN-SM,NIDAN LABS AND HEALTH
SONATSOFTW,SONATA SOFTWARE
GENUSPAPER,GENUS P&B
EQUAL50ADD,DSPAMC - DSPNEWETF
SJS,SJS ENTERPRISES
POLICYBZR,PB FINTECH
SIGACHI,SIGACHI INDUSTRIES
FOODSIN,FOODS & INNS
DRSDILIP-SM,DRS DILIP ROADLINES
PAYTM,ONE 97 COMMUNICATIONS
IVC,IL&FS INVESTMENT MANAGERS
MOLDTKPAC,MOLD-TEK PACKAGING
SAPPHIRE,SAPPHIRE FOODS INDIA
JINDALSTEL,JINDAL STEEL & POWER
MARSHALL-BE,MARSHALL MACHINES
NIPPOBATRY,INDO-NATIONAL
SBC,SBC EXPORTS
STEELCAS,STEELCAST
LATENTVIEW-BE,LATENT VIEW ANALYTICS
FOCUS,FOCUS LIGHTG & FIXTRS
SMLT,SARTHAK METALS
GREENLAM,GREENLAM INDUSTRIES
DHRUV-BE,DHRUV CONSULTANCY SER
BAJAJHCARE,BAJAJ HEALTHCARE
VISHNU,VISHNU CHEMICALS
RPPL,RAJSHREE POLYPACK
MODIRUBBER-BE,MODI RUBBER
TARSONS,TARSONS PRODUCTS
GANECOS,GANESHA ECOSPHERE
LINC,LINC
MENONBE,MENON BEARINGS
GOCOLORS,GO FASHION INDIA
DMCC,DMCC SPECIALITY CHEMICALS
BSOFT,BIRLASOFT
SHIVALIK,SHIVALIK RASAYAN
ASIANENE,ASIAN ENERGY SERVICES
HESTERBIO,HESTER BIOSCIENCES
ACCELYA,ACCELYA SOLN INDIA
MAHKTECH,MIRAEAMC - MAHKTECH
STARHEALTH,STAR HEALTH & AL INS CO L
SEJALLTD-BE,SEJAL GLASS
TEGA,TEGA INDUSTRIES
JMA,JULLUNDUR MOT AGENCY
ZODIAC-BE,ZODIAC ENERGY
ANANDRATHI,ANAND RATHI WEALTH
MICEL-BE,MIC ELECTRONICS
RATEGAIN,RATEGAIN TRAVEL TECHN
BBETF0432,EDELAMC - BBETF0432
SHRIRAMPPS,SHRIRAM PROPERTIES
JETFREIGHT,JET FREIGHT LOGISTICS
SBIETFQLTY,SBIAMC - SBIETFQLTY
MAPMYINDIA,C.E. INFO SYSTEMS
HCLTECH,HCL TECHNOLOGIES
METROBRAND,METRO BRANDS
MEDPLUS,MEDPLUS HEALTH SERV
UDAICEMENT,UDAIPUR CEMENT WORKS
JTLIND,JTL INDUSTRIES
DCMSRIND,DCM SHRIRAM IND
EUROBOND-SM,EURO PANEL PRODUCTS
ABSLNN50ET,BIRLASLAMC - ABSLNN50ET
SETFNN50,SBI-ETF NIFTY NEXT 50
DATAPATTNS,DATA PATTERNS INDIA
SETFNIFBK,SBI-ETF NIFTY BANK
TRIGYN-BE,TRIGYN TECHNOLOGIES
STAR,STRIDES PHARMA SCI
HPAL,HP ADHESIVES
FOCE-SM,FOCE INDIA
SUPRIYA,SUPRIYA LIFESCIENCE
RAJESHEXPO,RAJESH EXPORTS
GLENMARK,GLENMARK PHARMACEUTICALS
ALPHA,KOTAKMAMC - KOTAKALPHA
MANAKCOAT-BE,MAN COAT METAL & IND
MANAKALUCO,MANAK ALUMINIUM CO.
MONQ50,MOTILALAMC - MONQ50
HECPROJECT-BE,HEC INFRA PROJECTS
NILASPACES-BE,NILA SPACES
MIDQ50ADD,DSPAMC - DSPQ50ETF
HAVISHA,SRI HAVISHA HOSP & INFR L
MANAKSTEEL-BE,MANAKSIA STEELS
WOCKPHARMA,WOCKHARDT
ZENTEC,ZEN TECHNOLOGIES
LCCINFOTEC-BE,LCC INFOTECH
NRBBEARING,NRB BEARING
UNITEDPOLY,UNITED POLYFAB GUJ.
CMSINFO,CMS INFO SYSTEMS
TREJHARA-BE,TREJHARA SOLUTIONS
VIVO-SM,VIVO COLLAB SOLUTIONS
ALPSINDUS-BE,ALPS INDUSTRIES
SHREERAMA-BE,SHREE RAMA MULTI TECH
IMAGICAA,IMAGICAAWORLD ENT
MONARCH,MONARCH NETWORTH CAP
21STCENMGM-BE,21ST CENTURY MGMT SERVICE
ABAN-BE,ABAN OFFSHORE
BCONCEPTS,BRAND CONCEPTS
ABCOTS-SM,A B COTSPIN INDIA
UNIINFO,UNIINFO TELECOM SERVI
TIMESCAN-SM,TIMESCAN LOGISTICS IND L
WEL-BE,WONDER ELECTRICALS
NETF,TATAAML - NETF
AUTOIETF,ICICIPRAMC - ICICIAUTO
INOXWIND,INOX WIND
BIL-BE,BHARTIYA INETRNATIONAL LT
GEPIL,GE POWER INDIA
RAMCOSYS-BE,RAMCO SYSTEMS
ZODIACLOTH-BE,ZODIAC CLOTHING CO
AUTOBEES,NIPPONAMC - NETFAUTO
MHLXMIRU,MAHALAXMI RUBTECH
LFIC,LAKSHMI FIN IND CORP
EIMCOELECO-BE,EIMCO ELECON (INDIA)
AGSTRA,AGS TRANSACT TECH
ZYDUSLIFE,ZYDUS LIFESCIENCES
BYKE-BE,THE BYKE HOSPITALITY
AVANTIFEED,AVANTI FEEDS
SILVERIETF,ICICIPRAMC - ICICISILVE
PRECISION-SM,PRECISION METALIKS
MALLCOM,MALLCOM (INDIA)
MAKEINDIA,MIRAEAMC - MAMFGETF
GRWRHITECH,GARWARE HI-TECH FILMS
SILVER,BIRLASLAMC - SILVER
CINEVISTA-BE,CINEVISTA
MAHLIFE,MAHINDRA LIFESPACE DEVLTD
KTKBANK,KARNATAKA BANK
DALBHARAT,DALMIA BHARAT
MIDCAP,KOTAKMAMC - KOTAKMID50
SILVERBEES,NIPPONAMC - NETFSILVER
CROWN-BE,CROWN LIFTERS
OILCOUNTUB-BE,OIL COUNTRY TUBULAR
AWL,ADANI WILMAR
RPSGVENT,RPSG VENTURES
AJANTPHARM,AJANTA PHARMA
BLBLIMITED-BE,BLB
DEVIT,DEV INFO TECHNOLOGY
MEGASTAR,MEGASTAR FOODS
FIBERWEB,FIBERWEB INDIA
SPENCERS,SPENCER S RETAIL
MANYAVAR,VEDANT FASHIONS
SAGARDEEP,SAGARDEEP ALLOYS
MOMOMENTUM,MOTILALAMC - MOMOMENTUM
PEARLPOLY-BE,PEARL POLYMERS
RICHA-SM,RICHA INFO SYSTEMS
MADHAVBAUG-SM,VAIDYA SANE AYUR LAB
SOFTTECH,SOFTTECH ENGINEERS
PRITI,PRITI INTERNATIONAL
BLUESTARCO,BLUE STAR
GSEC5IETF,ICICIPRAMC - ICICI5GSEC
SHIGAN-SM,SHIGAN QUANTUM TECH
CALSOFT-BE,CALIFORNIA SOFTWARE CO LT
GLFL-BE,GUJARAT LEASE FINANCING L
MIDCAPETF,MIRAEAMC - MAM150ETF
VIPULLTD,VIPUL
RSSOFTWARE-BE,R. S. SOFTWARE (INDIA) LI
RAJRILTD-BE,RAJ RAYON INDUSTRIES
MITCON,MITCON CON & ENG SER
XELPMOC-BE,XELPMOC DESIGN & TECH
TVSMOTOR,TVS MOTOR COMPANY 
MID150BEES,NIP IND ETF MIDCAP 150
GATEWAY,GATEWAY DISTRIPARKS
SURANI-SM,SURANI STEEL TUBES
SPRL-ST,SP REFRACTORIES
GMRP&UI,GMR POW AND URBAN INFRA L
CHALET,CHALET HOTELS
COOLCAPS-SM,COOL CAPS INDUSTRIES
HITECHGEAR-BE,THE HI-TECH GEARS
NLCINDIA,NLC INDIA
AKSHOPTFBR,AKSH OPTIFIBRE
MSUMI,MOTHERSON SUMI WRNG IND L
KNAGRI-SM,KN AGRI RESOURCES
SWARAJ-SM,SWARAJ SUITING
INDOBORAX,INDO BORAX & CHEMICAL
LOWVOL1,KOTAKMAMC - KOTAKLOVOL
BLUECHIP-BE,BLUE CHIP INDIA
VETO,VETO SWITCHGEAR CABLE
MOLOWVOL,MOTILALAMC - MOLOWVOL
DIL,DEBOCK INDUSTRIES
KRISHIVAL-SM,KRISHIVAL FOODS
MUKTAARTS,MUKTA ARTS
VRLLOG,VRL LOGISTICS
DCMFINSERV-BE,DCM FINANCIAL SERVICES LT
TCIFINANCE-BE,TCIFINANCELTD-ROLL SETT
SHAILY,SHAILY ENG PLASTICS
S&SPOWER-BE,S&S POWER SWITCHGEARS
PROPEQUITY-SM,P. E. ANALYTICS
PNBGILTS,PNB GILTS
MEP-BE,MEP INFRA. DEVELOPERS
KRISHNADEF-SM,KRISHNA DEF AND ALD IND L
OBCL,ORISSA BENGAL CARRIER
ZENITHEXPO-BE,ZENITH EXPORTS
SONAMLTD,SONAM
PRIVISCL,PRIVI SPECIALITY CHE
AVROIND,AVRO INDIA
GAEL,GUJARAT AMBUJA EXPORTS LT
USHAMART,USHA MARTIN
UMAEXPORTS,UMA EXPORTS
CHOICEIN,CHOICE INTERNATIONAL
KEEPLEARN-BE,DSJ KEEP LEARNING
TNIDETF,TATAAML - TNIDETF
VERANDA,VERANDA LEARNING SOL
MINDPOOL-ST,MINDPOOL TECHNOLOGIES
E2E-BE,E2E NETWORKS
RITCO,RITCO LOGISTICS
ELDEHSG,ELDECO HSG & IND
TTML,TATA TELESERV(MAHARASTRA)
TAINWALCHM-BE,TAINWALA CHEMICAL AND PLA
HARDWYN,HARDWYN INDIA
HARIOMPIPE,HARIOM PIPE INDUSTRIES L
PARASPETRO-BE,PARAS PETROFILS
MRO-TEK-BE,MRO-TEK REALTY
ANUP,THE ANUP ENGINEERING
AUSOMENT-BE,AUSOM ENTERPRISE
UFO,UFO MOVIEZ INDIA
JSLL-ST,JEENA SIKHO LIFECARE
AGROPHOS,AGRO PHOS INDIA
ROTO,ROTO PUMPS
REGENCERAM-BE,REGENCYCERAMICS-LTD
PIXTRANS,PIX TRANSMISSIONS
SOMATEX-BE,SOMA TEXTILEI NDUSTRIES L
ARVINDFASN,ARVIND FASHIONS
INDOAMIN,INDO AMINES
TIPSINDLTD,TIPS INDUSTRIES
BALAJITELE,BALAJI TELEFILMS
UTISXN50,UTIAMC - UTISXN50
TPLPLASTEH,TPL PLASTECH
NILAINFRA,NILA INFRASTRUCTURES
ARROWGREEN,ARROW GREENTECH
KRITIKA,KRITIKA WIRES
STARTECK,STARTECK FINANCE
STLTECH,STERLITE TECHNOLOGIES
SIMPLEXINF-BE,SIMPLEX INFRASTRUCTURES L
PNC,PRITISH NANDY COMMUNICATI
IOB,INDIAN OVERSEAS BANK
TAJGVK,TAJ GVK HOTELS & RESORTS
MSTCLTD,MSTC
CAMPUS,CAMPUS ACTIVEWEAR
LEMERITE-SM,LE MERITE EXPORTS
TRU,TRUCAP FINANCE
PNCINFRA,PNC INFRATECH
CREATIVEYE-BE,CREATIVE EYE
RAINBOW,RAINBOW CHILDRENS MED
SILVERTUC,SILVER TOUCH TECHNO
SKIPPER,SKIPPER
AXISCADES,AXISCADES TECH
SONUINFRA-SM,SONU INFRATECH
LICI,LIFE INSURA CORP OF INDIA
KEYFINSERV-BE,KEYNOTE FIN SERV
SAKAR,SAKAR HEALTHCARE
RVNL,RAIL VIKAS NIGAM
PRUDENT,PRUDENT CORP ADV SER
AKSHAR,AKSHAR SPINTEX
KHFM-SM,KHFM HOS FAC MANA SER
MAHESHWARI,MAHESHWARI LOGISTICS
METROPOLIS,METROPOLIS HEALTHCARE
POLYCAB,POLYCAB INDIA
VENUSPIPES,VENUS PIPES & TUBES
DELHIVERY,DELHIVERY
ICDSLTD-BE,ICDSLTD
SPLPETRO,SUPREME PETROCHEM
KHANDSE,KHANDWALA SECURITIES
RELCHEMQ,RELIANCE CHEMOTEX IND
HIKAL,HIKAL
MEDICO-BE,MEDICO REMEDIES
SOUTHWEST,SOUTH WEST PINNACLE
KPITTECH,KPIT TECHNOLOGIES
TRIDENT,TRIDENT
PARADEEP,PARADEEP PHOSPHATES
ETHOSLTD,ETHOS
EMUDHRA,EMUDHRA
GSTL-SM,GLOBESECURE TECHNO
AETHER,AETHER INDUSTRIES
HAVELLS,HAVELLS INDIA
NV20BEES,NIP IND ETF ETF NV20
RILINFRA-SM,RACHANA INFRA
FIDEL-SM,FIDEL SOFTECH
WEWIN-BE,WE WIN
NEXTMEDIA,NEXT MEDIAWORKS
GOLDTECH,AION-TECH SOLUTIONS
CHEVIOT,CHEVIOT COMPANY
CUBEXTUB-BE,CUBEXTUBINGS-ROLLSETT
TNTELE-BE,TAMILNADU TELECOMMUNICATI
SMARTLINK-BE,SMARTLINK HOLDINGS
AIRAN,AIRAN
AXITA,AXITA COTTON
NEOGEN,NEOGEN CHEMICALS
ALANKIT,ALANKIT
VIKASLIFE,VIKAS LIFECARE
ONEPOINT,ONE POINT ONE SOL
EMAMIPAP,EMAMI PAPER MILLS
GODREJCP,GODREJ CONSUMER PRODUCTS
ORICONENT,ORICON ENTERPRISES
SETFNIF50,SBI-ETF NIFTY 50
BALKRISHNA,BALKRISHNA PAPER MILLS L
SHYAMCENT-BE,SHYAM CENTURY FERROUS
ADANIENSOL,ADANI ENERGY SOLUTION
MANORAMA-BE,MANORAMA INDUSTRIES
CONFIPET,CONFIDENCE PETRO IND
SYNGENE,SYNGENE INTERNATIONAL
EMKAYTOOLS-SM,EMKAY TAP & CUT. TOOL
KAYA,KAYA
NGLFINE,NGL FINE CHEM
AYMSYNTEX,AYM SYNTEX
KCK-ST,KCK INDUSTRIES
PPL,PRAKASH PIPES
RAMASTEEL,RAMA STEEL TUBES
AURUM,AURUM PROPTECH
MWL-SM,MANGALAM WORLDWIDE
PKTEA-BE,THE P K TEA PROD CO
SKP-SM,SKP BEARING INDUSTRI.
RADHIKAJWE,RADHIKA JEWELTECH
CSLFINANCE,CSL FINANCE
DGCONTENT-BE,DIGICONTENT
MODTHREAD-BE,MODERN THREADS INDIA
JISLJALEQS,JAIN IRRIGATION SYSTEMS
STEELCITY,STEEL CITY SECURITIES
KSHITIJPOL-BE,KSHITIJ POLYLINE
MUTHOOTCAP,MUTHOOT CAP SERV
DYCL,DYNAMIC CABLES
LUPIN,LUPIN
UNITDSPR,UNITED SPIRITS
SATIN,SATIN CREDIT NET
ARVSMART,ARVIND SMARTSPACES
POWERMECH,POWER MECH PROJECTS
RAMRAT,RAM RATNA WIRES
AGNI-SM,AGNI GREEN POWER
MOHEALTH,MOTILALAMC - MOHEALTH
UTINIFTETF,UTIAMC - UTINIFTETF
CONS,KOTAKMAMC - KOTAKCONS
UTISENSETF,UTIAMC - UTISENSETF
SHARDAMOTR,SHARDA MOTOR INDS
NAVKARCORP,NAVKAR CORPORATION
RAMAPHO,RAMA PHOSPHATES
KRBL,KRBL
MPSLTD,MPS
MARKSANS,MARKSANS PHARMA
TCI,TRANSPORT CORPN OF INDIA
MOM30IETF,ICICIPRAMC - ICICIMOM30
SHREEPUSHK,SHRE PUSH CHEM & FERT
LOYALTEX,LOYAL TEXTILE MILLS
GUJGASLTD,GUJARAT GAS
BHARTIARTL,BHARTI AIRTEL
USASEEDS-SM,UPSURGE SEEDS OF AGRI
SADBHIN,SADBHAV INFRA PROJ
HDFCNEXT50,HDFCAMC - HDFCNEXT50
HDFCNIF100,HDFCAMC - HDFCNIF100
ASAL,AUTOMOTIVE STAMPINGS & AS
OLECTRA,OLECTRA GREENTECH
PONNIERODE,PONNIE SUGARS (ERODE)
PNB,PUNJAB NATIONAL BANK
MNC,KOTAKMAMC - KOTAKMNC
SHAIVAL-ST,SHAIVAL REALITY
MOMENTUM,BIRLASLAMC - MOMENTUM
VEEKAYEM-SM,VEEKAYEM FASH & APP
TIMESGTY,TIMES GUARANTY
INFRAIETF,ICICIPRAMC - ICICIINFRA
INDIAMART,INDIAMART INTERMESH
SPORTKING,SPORTKING INDIA
OFSS,ORACLE FIN SERV SOFT
UNIONBANK,UNION BANK OF INDIA
APTECHT,APTECH
SILVERADD,DSPAMC - DSPSILVETF
OAL,ORIENTAL AROMATICS
AHIMSA-ST,AHIMSA INDUSTRIES
NUCLEUS,NUCLEUS SOFTWARE EXPORTS
SYRMA,SYRMA SGS TECHNOLOGY
CANBK,CANARA BANK
MOQUALITY,MOTILALAMC - MOQUALITY
MOVALUE,MOTILALAMC - MOVALUE
SEYAIND-BE,SEYA INDUSTRIES
DREAMFOLKS,DREAMFOLKS SERVICES
GVPTECH,GVP INFOTECH
GRMOVER,GRM OVERSEAS
HDFCSILVER,HDFCAMC - HDFCSILVER
JFLLIFE-SM,JFL LIFE SCIENCES
KORE-SM,JAY JALARAM TECHNO
DBOL,DHAMPUR BIO ORGANICS
AMEYA-SM,AMEYA PRECISION ENG
GENESYS,GENESYS INTL CORPN
GODREJIND,GODREJ INDUSTRIES
JUNIORBEES,NIP IND ETF JUNIOR BEES
DIVISLAB,DIVI S LABORATORIES
TMB,TAMILNAD MERCA BANK
STCINDIA,THE STATE TRADING CORPN
VIVIANA-SM,VIVIANA POWER TECH
MEGAFLEX-SM,MEGA FLEX PLASTICS
SABAR-SM,SABAR FLEX INDIA
TAPIFRUIT-SM,TAPI FRUIT PROCESSING
RADICO,RADICO KHAITAN
INDORAMA,INDO RAMA SYNTHETICS
ISHAN-SM,ISHAN INTERNATIONAL
MARUTI,MARUTI SUZUKI INDIA
LIQUIDBEES,NIP IND ETF LIQUID BEES
ABINFRA-SM,A B INFRABUILD
INFOBEAN,INFOBEANS TECHNO.
SANGINITA,SANGINITA CHEMICALS
BANKIETF,ICICIPRAMC - IPRU5008
DCMNVL,DCM NOUVELLE
SATIA,SATIA INDUSTRIES
SIRCA,SIRCA PAINT INDIA
KSOLVES,KSOLVES INDIA
SECURKLOUD-BE,SECUREKLOUD TECH
NATHBIOGEN,NATH BIO-GENES (I)
AGRITECH,AGRI-TECH (INDIA)
LIBAS,LIBAS CONSU PRODUCTS
SUMIT-BE,SUMIT WOODS
SHRENIK-BE,SHRENIK
CREATIVE,CREATIVE NEWTECH
HARSHA,HARSHA ENGINEERS INT
COFFEEDAY,COFFEE DAY ENTERPRISE
CLOUD-SM,VARANIUM CLOUD
IDFCFIRSTB,IDFC FIRST BANK
AXISILVER,AXISAMC - AXISILVER
INDIGO,INTERGLOBE AVIATION
ANNAPURNA-SM,ANNAPURNA SWADISHT
KANDARP-SM,KANDARP DG SMART BPO
SHK,S H KELKAR AND CO.
NOIDATOLL-BE,NOIDA TOLL BRIDGE CO
MAKS-SM,MAKS ENERGY SOL INDIA
VARDHACRLC,VARDHAMAN ACRYLICS
UCOBANK,UCO BANK
SUVEN,SUVEN LIFE SCIENCES
JSL,JINDAL STAINLESS
NSIL,NALWA SONS INVESTMENT
HDFCGROWTH,HDFCAMC - HDFCGROWTH
PERFECT-SM,PERFECT INFRAENGINEER
WELSPUNLIV,WELSPUN LIVING
HDFCQUAL,HDFCAMC - HDFCQUAL
HDFCVALUE,HDFCAMC - HDFCVALUE
IGL,INDRAPRASTHA GAS
TVSELECT,TVS ELECTRONICS
RADAAN-BE,RADAAN MEDIAWORKS (I)
DREDGECORP,DREDGING CORP OF INDIA
TVTODAY,TV TODAY NETWORK
UPL,UPL
UNIENTER,UNIPHOS ENTERPRISES
SIL,STANDARD INDUSTRIES
LUXIND,LUX INDUSTRIES
BALAXI,BALAXI PHARMA
LICNETFN50,LICNAMC - LICNFENGP
MUKANDLTD,MUKAND
AFFLE,AFFLE (INDIA)
PETRONET,PETRONET LNG
PTC,PTC INDIA
DHANBANK,DHANLAXMI BANK
VAIBHAVGBL,VAIBHAV GLOBAL
TTKHLTCARE,TTK HEALTHCARE
BIOCON,BIOCON
TIPSFILMS,TIPS FILMS
MAHABANK,BANK OF MAHARASHTRA
PVTBANIETF,ICICIPRAMC - ICICIBANKP
UMANGDAIRY,UMANG DAIRIES
ZOTA,ZOTA HEALTH CARE
SALZERELEC,SALZER ELECTRONICS
POONAWALLA,POONAWALLA FINCORP
XPROINDIA,XPRO INDIA
RKFORGE,RAMKRISHNA FORGINGS
DATAMATICS,DATAMATICS GLOBAL SER
NDTV,NDTV
KRITINUT,KRITI NUTRIENTS
SPANDANA,SPANDANA SPHOORTY FIN
BANKBEES,NIP IND ETF BANK BEES
LICNETFSEN,LICNAMC - LICNFESGP
PILANIINVS,PILANI INV & IND COR
CMRSL-SM,CYBER MEDIA RES & SER
CCL,CCL PRODUCTS (I)
NV20,KOTAKMAMC - KTKNV20ETF
JPASSOCIAT-BE,JAIPRAKASH ASSOCIATES
QMSMEDI-SM,QMS MEDICAL ALLIED S
EXCELINDUS,EXCEL INDUSTRIES
LLOYDS-SM,LLOYDS LUXURIES
LT,LARSEN & TOUBRO
KRIDHANINF-BE,KRIDHAN INFRA
APARINDS,APAR INDUSTRIES
SWASTIK-SM,SWASTIK PIPE
AMBICAAGAR,AMBICA AGAR & AROMAINDLTD
FROG-SM,FROG CELLSAT
CENTEXT,CENTURY EXTRUSIONS
NIITLTD,NIIT
SECURCRED-BE,SECUR CREDENTIALS
EMIL,ELECTRONICS MART IND
ULTRACEMCO,ULTRATECH CEMENT
TCS,TATA CONSULTANCY SERV LT
HDFCMOMENT,HDFCAMC - HDFCMOMENT
COFORGE,COFORGE
HDFCLOWVOL,HDFCAMC - HDFCLOWVOL
TEXINFRA,TEXMACO INFRA & HOLDG
DCI-BE,DC INFOTECH AND COMUN
PPLPHARMA,PIRAMAL PHARMA
FORCEMOT,FORCE MOTORS
WESTLIFE,WESTLIFE FOODWORLD
GULFPETRO,GP PETROLEUMS
TRACXN,TRACXN TECHNOLOGIES
HDFCNIFTY,HDFCAMC - HDFCNIFTY
HDFCSENSEX,HDFCAMC - HDFCSENSEX
SURANAT&P-BE,SURANA TELECOM AND POW LT
LINCOLN,LINCOLN PHARMA
INDSWFTLTD-BE,IND-SWIFT
GUFICBIO,GUFIC BIOSCIENCES
PHANTOMFX-SM,PHANTOM DIGITAL EFF
ASTRAMICRO,ASTRA MICROWAVE
WELENT,WELSPUN ENTERPRISES
NTPC,NTPC
NARMADA-BE,NARMADA AGROBASE
SALSTEEL-BE,S.A.L. STEEL
KOTARISUG,KOTHARI SUG & CHEM
LALPATHLAB,DR. LAL PATH LABS
JBMA,JBM AUTO
DWARKESH,DWARIKESH SUGAR IND
INDOCO,INDOCO REMEDIES
IMPEXFERRO-BE,IMPEX FERRO TECH
SUPRAJIT,SUPRAJIT ENGINEERING
PATELENG,PATEL ENGINEERING
ALKEM,ALKEM LABORATORIES
XCHANGING,XCHANGING SOLUTIONS
JSWSTEEL,JSW STEEL
CONSOFINVT,CONSO. FIN. & HOLD.
JINDALPHOT,JINDAL PHOTO
JPPOWER,JAIPRAKASH POWER VEN.
GOKEX,GOKALDAS EXPORTS
ACEINTEG,ACE INTEGRATED SOLU.
EVEREADY,EVEREADY INDS. IND. 
GOYALALUM-BE,GOYAL ALUMINIUMS
SAKSOFT,SAKSOFT
HPIL,HINDPRAKASH INDUSTRY
ALLSEC,ALLSEC TECHNOLOGIES
SUKHJITS,SUKHJIT STARCH & CHEM
IIFL,IIFL FINANCE
SHOPERSTOP,SHOPPERS STOP
MANGALAM,MANGALAM DRUG & CHEM
WELCORP,WELSPUN CORP
SSWL,STEEL STRIPS WHEELS
NH,NARAYANA HRUDAYALAYA
CYBERMEDIA-BE,CYBER MEDIA (INDIA)
SURYALAXMI,SURYALAKSHMI COT MIL
SHAHALLOYS,SHAH ALLOYS
JKPAPER,JK PAPER
PRIMESECU,PRIME SECURITIES
63MOONS,63 MOONS TECHNOLOGIES
GRANULES,GRANULES INDIA
JSWHL,JSW HOLDINGS
MANINDS,MAN INDUSTRIES (I)
VHL,VARDHMAN HOLDINGS
DCXINDIA,DCX SYSTEMS
GEOJITFSL,GEOJIT FINANCIAL SER L
IPSL-SM,INTEGRATED PERSO SER
GENUSPOWER,GENUS POWER INFRASTRU
SWELECTES,SWELECT ENERGY SYS
RITEZONE-SM,RITE ZONE CHEMCON IND
YESBANK,YES BANK
MSPL,MSP STEEL & POWER
VITAL-SM,VITAL CHEMTECH
NECLIFE,NECTAR LIFESCIENCES
FUSION,FUSION MICRO FINANCE
SPLIL,SPL INDUSTRIES
AMIABLE-SM,AMIABLE LOGISTICS (I)
MCLEODRUSS,MCLEOD RUSSEL INDIA
MEDANTA,GLOBAL HEALTH
IDFC,IDFC
SEMAC-BE,SEMAC CONSULTANTS
BIKAJI,BIKAJI FOODS INTERN
GOLDIAM,GOLDIAM INTERNATIONAL
RML,RANE (MADRAS)
HTMEDIA,HT MEDIA
SASKEN,SASKEN TECHNOLOGIES
ICIL,INDO COUNT INDUSTRIES
SYNCOMF,SYNCOM FORMU (I)
FCSSOFT,FCS SOFTWARE SOLN.
FAZE3Q,FAZE THREE
IMPAL,IND MOTOR PART & ACC
SATINDLTD,SAT INDUSTRIES
SUZLON,SUZLON ENERGY
AURIONPRO,AURIONPRO SOLN
ACI,ARCHEAN CHEMICAL IND
RENUKA,SHREE RENUKA SUGARS
FIVESTAR,FIVE-STAR BUS FIN
BASML,BANNARI AM SPIN MILL
SCPL,SHEETAL COOL PRODUCTS
KAYNES,KAYNES TECHNOLOGY IND
HDFCNIFIT,HDFCAMC - HDFCNIFIT
HDFCPVTBAN,HDFCAMC - HDFCPVTBAN
DOLATALGO,DOLAT ALGOTECH
BBTCL,B&B TRIPLEWALL CONT
HNDFDS,HINDUSTAN FOODS
INOXGREEN,INOX GREEN ENERGY SER
RUSTOMJEE,KEYSTONE REALTORS
OCCL-BE,ORIENTAL CARBN & CHEM
ZIMLAB,ZIM LABORATORIES
SWSOLAR,STRLNG & WIL REN ENE
VINNY,VINNY OVERSEAS
AAATECH-BE,AAA TECHNOLOGIES
FINIETF,ICICIPRAMC-ICICIFIN
PRECAM,PRECISION CAMSHAFTS
OSIAHYPER-BE,OSIA HYPER RETAIL
MBAPL,MADHYA BHARAT AGRO P.
TEAMLEASE,TEAMLEASE SERVICES
DJML-BE,DJ MEDIAPRINT & LOG
HYBRIDFIN,HYBRID FINANCIAL SERVICE
KRISHANA,KRISHANA PHOSCHEM
SARVESHWAR,SARVESHWAR FOODS
PRITIKA-SM,PRITIKA ENG COMPO
NPBET,TATAAML - NPBET
BAHETI-SM,BAHETI RECYCLING IND
DHARMAJ,DHARMAJ CROP GUARD
SECL-SM,SALASAR EXTERIOR CONT
SAFARI,SAFARI IND (INDIA)
UNIPARTS,UNIPARTS INDIA
360ONE,360 ONE WAM
IIFLSEC,IIFL SECURITIES
TRIVENI,TRIVENI ENGG. & INDS.
SILVER1,KOTAKMAMC - KOTAKSILVE
AIAENG,AIA ENGINEERING
EKC,EVEREST KANTO CYLINDERLTD
ARHAM-ST,ARHAM TECHNOLOGIES
VIMTALABS,VIMTA LABS
NAHARINDUS,NAHAR INDS ENT
ORIENTCER,ORIENT CERATECH
QUICKHEAL,QUICK HEAL TECH
KERNEX,KERNEX MICROSYS(I)
REPRO,REPRO INDIA
EBBETF0433,EDELAMC - EBBETF0433
GSEC10IETF,ICICIPRAMC - ICICI10GS
PVRINOX,PVR INOX
CELEBRITY,CELEBRITY FASHIONS
NITINSPIN,NITIN SPINNERS
ROHLTD,ROYAL ORCHID HOTELS
ENIL,ENTERTAIN NET. IND.
GSPL,GUJARAT STATE PETRO
COMMOIETF,ICICIPRAMC - ICICICOMMO
ALLETEC-SM,ALL E TECHNOLOGIES
JAGRAN,JAGRAN PRAKASHAN
SULA,SULA VINEYARDS
GVKPIL,GVK POW. & INFRA
SADBHAV-BE,SADBHAV ENGINEERING
SAKUMA,SAKUMA EXPORTS
KEC,KEC INTL.
JKCEMENT,JK CEMENT
LANDMARK,LANDMARK CARS
INDOTECH-BE,INDO TECH TRANSFORM
M&MFIN,M&M FIN. SERVICES
AHL,ABANS HOLDINGS
BLKASHYAP,B.L.KASHYAP & SON
NITCO,NITCO
IEL,INDIABULLS ENT
CENTURYPLY,CENTURY PLYBOARDS (I)
KEI,KEI INDUSTRIES
DOLLEX-SM,DOLLEX AGROTECH
SOLARINDS,SOLAR INDUSTRIES (I)
ARIHANTACA-SM,ARIHANT ACADEMY
GALLANTT-BE,GALLANTT ISPAT
VAKRANGEE,VAKRANGEE
UMA-SM,UMA CONVERTER
MALUPAPER-BE,MALU PAPER MILLS
KFINTECH,KFIN TECHNOLOGIES
SGL,STL GLOBAL
UTTAMSUGAR,UTTAM SUGAR MILLS
KKCL,KEWAL KIRAN CLOTHING
BHAGERIA,BHAGERIA INDUSTRIES
SUNTV,SUN TV NETWORK
GPIL,GODAWARI POW & ISP
RSYSTEMS,R SYS INTERNATIONAL
ELIN,ELIN ELECTRONICS
EMKAY-BE,EMKAY GLOBAL FIN SERV
KELLTONTEC,KELLTON TECH SOL
LOKESHMACH-BE,LOKESH MACHINES
BALPHARMA,BAL PHARMA
RATNAMANI,RATNAMANI MET & TUB
KAMDHENU,KAMDHENU
PIONEEREMB,PIONEER EMBROIDERIES
SHIVAUM-ST,SHIV AUM STEELS
JKLAKSHMI,JK LAKSHMI CEMENT
PFOCUS,PRIME FOCUS
ALLCARGO,ALLCARGO LOGISTICS
MOXSH-SM,MOXSH OVERSEAS EDUCON
AKASH,AKASH INFRA-PROJECTS
MUNJALAU,MUNJAL AUTO IND.
EMAMILTD,EMAMI
NECCLTD,NORTH EAST CARRY CORP
GMRINFRA,GMR AIRPORTS INFRA
VIDHIING,VIDHI SPCLTY F INGRDNTS L
HOMESFY-ST,HOMESFY REALTY
TECHM,TECH MAHINDRA
GRINDWELL,GRINDWELL NORTON
RAMANEWS,SHREE RAMA NEWSPRINT
AVONMORE-BE,AVONMORE CAP&MGT SERV
RBMINFRA-SM,RBM INFRACON
MANUGRAPH,MANUGRAPH INDIA
VOLTAMP,VOLTAMP TRANSFORMERS
RADIANTCMS,RADIANT CASH MGMT SER
ATLANTAA-BE,ATLANTAA
ACE,ACTION CONST EQUIP
HOVS-BE,HOV SERVICES
SELAN,SELAN EXPLO. TECH
IRCTC,INDIAN RAIL TOUR CORP
ANANTRAJ,ANANT RAJ
BINANIIND-BE,BINANI INDUSTRIES
SKYGOLD-BE,SKY GOLD
JMFINANCIL,JM FINANCIAL
ELECON,ELECON ENG. CO.
BANKETFADD,DSPAMC - DSPBANKETF
TALBROAUTO,TALBROS AUTO. COMP.
ALICON,ALICON CASTALLOY
ANLON-SM,ANLON TECHNOLOGY SOL
GEECEE,GEECEE VENTURES
MADHUCON-BE,MADHUCON PROJECTS
NRL,NUPUR RECYCLERS
MBECL-BE,MCNALLY BH. ENG. CO.LTD
ACLGATI,ALLCARGO GATI
SAH,SAH POLYMERS
GOLDKART-ST,GOLDKART JEWELS
VISHWARAJ,VISHWARAJ SUGAR IND
FIEMIND,FIEM INDUSTRIES
JHS-BE,JHS SVEND. LAB.
DCBBANK,DCB BANK
CMNL-SM,CHAMAN METALLICS
INSPIRISYS-BE,INSPIRISYS SOLUTIONS
GLOBALVECT-BE,GLOBAL VEC HELICORP
SHYAMTEL-BE,SHYAM TELECOM
GTLINFRA,GTL INFRA.LTD
FLUOROCHEM,GUJARAT FLUOROCHEM
NAUKRI,INFO EDGE (I)
MANOMAY,MANOMAY TEX INDIA
SHIVAMAUTO,SHIVAM AUTO.LTD
BBL,BHARAT BIJLEE
DUCOL-SM,DUCOL ORGS AND COLOURS LT
AARVEEDEN,AARVEE DEN. & EXP.
GESHIP,THE GE SHPG.LTD
TORNTPOWER,TORRENT POWER
PARSVNATH,PARSVNATH DEVELOPER
BAIDFIN,BAID FINSERV
MANALIPETC,MANALI PETROCHEMICALS LT
SUTLEJTEX,SUTLEJ TEXT & INDUS
GREENPANEL,GREENPANEL INDUSTRIES
KAMOPAINTS,KAMDHENU VENTURES
LTFOODS,LT FOODS
RUCHIRA,RUCHIRA PAPERS
SOBHA,SOBHA
DONEAR,DONEAR IND.
MMFL,MM FORGINGS
VENUSREM,VENUS REMEDIES
AARTIPHARM,AARTI PHARMALABS
KUANTUM,KUANTUM PAPERS
JINDRILL,JINDAL DRILLING IND.
BANCOINDIA,BANCO PRODUCTS (I)
HIRECT,HIND RECTIFIER
CREST,CREST VENTURES
PLASTIBLEN,PLASTIBLENDS INDIA
NFL,NATIONAL FERT.
ARISTO-SM,ARISTO BIO T AND LIFESC L
PRAENG,PRAJAY ENG. SYN.
LIQUID1,KOTAKMAMC - KOTAKLIQ
PARACABLES-BE,PARAMOUNT COMM
HBLPOWER,HBL POWER SYSTEMS
TANLA,TANLA PLATFORMS
JASH,JASH ENGINEERING
ABSLBANETF,BIRLASLAMC - ABSLBANETF
SITINET-BE,SITI NETWORKS
ZEEMEDIA,ZEE MEDIA CORPORATION
AVTNPL,AVT NATURAL PRODUCTS
LUMAXTECH,LUMAX AUTO TECH
TIDEWATER,TIDE WATER OIL
SARLAPOLY,SARLA PERF. FIBERS
GRCL-SM,GAYATRI RUBB AND CHEM
SANGHVIMOV,SANGHVI MOVERS
WANBURY,WANBURY
ASMS,BARTRONICS INDIA
SAGCEM,SAGAR CEMENTS
BAGFILMS-BE,B.A.G FILMS AND MEDIA
JAIBALAJI-BE,JAI BALAJI INDUSTRIES
IGPL,I G PETROCHEMICALS
SIYSIL,SIYARAM SILK MILLS
PTL,PTL ENTERPRISES
AUTOIND,AUTOLINE INDUSTRIES
NETWORK18,NETWORK18 MEDIA & INV
GANDHITUBE,GANDHI SPL. TUBES
OMAXAUTO-BE,OMAX AUTOS
PITTIENG,PITTI ENGINEERING
SBGLP,SURATWWALA BUS GROUP
BTML-BE,BODHI TREE MULTIMEDIA
UNOMINDA,UNO MINDA
SHERA-SM,SHERA ENERGY
IZMO,IZMO
NSLNISP,NMDC STEEL
NINSYS,NINTEC SYSTEMS
TIMKEN,TIMKEN INDIA
LRRPL-SM,LEAD REC AND RUB PROD
HUBTOWN-BE,HUBTOWN
TV18BRDCST,TV18 BROADCAST
CTE,CAMBRIDGE TECH ENTER
TIIL,TECHNOCRAFT IND
HDFCBSE500,HDFCAMC - HDFCBSE500
HDFCSML250,HDFCAMC - HDFCSML250
HDFCMID150,HDFCAMC - HDFCMID150
TVSSRICHAK,TVS SRICHAKRA
REDINGTON,REDINGTON
PGIL,PEARL GLOBAL IND
AGARWALFT-ST,AGARWAL FLOAT GLASS I
ORIENTBELL,ORIENT BELL
GOLDETF,MIRAEAMC - MAGOLDETF
SEQUENT,SEQUENT SCIENTIFIC
PFC,POWER FIN CORP
FSL,FIRSTSOURCE SOLU.
INDIANB,INDIAN BANK
OSWALSEEDS-BE,SHREEOSWAL S AND CHE
TTL,T T
VIAZ-SM,VIAZ TYRES
TFL-BE,TRANSWARRANTY FIN.
SMSPHARMA,SMS PHARMACEUTICALS
HSCL,HIMADRI SPECIALITY CHEM L
GANESHHOUC,GANESH HOUSING CORP
ORIENTALTL,ORIENTAL TRIMEX
APOLLOPIPE,APOLLO PIPES
IDEA,VODAFONE IDEA
POCL,PONDY OXIDES & CHEM
AMDIND,AMD INDUSTRIES
RAJTV-BE,RAJ TV NETWORK
SRIVASAVI-SM,SRIVASAVI ADHESIVE TAPE L
PAGEIND,PAGE INDUSTRIES
ASTRAL,ASTRAL
LAOPALA,LA OPALA RG
GOLDBEES,NIP IND ETF GOLD BEES
JKTYRE,JK TYRE & INDUSTRIES
NAHARSPING,NAHAR SPINNING MILLS
NAHARPOLY,NAHAR POLY FILMS
EMBDL,EQUINOX INDIA DEV
LEXUS,LEXUS GRANITO (INDIA)
DIVGIITTS,DIVGI TORQTRANSFER SYST L
GOKULAGRO,GOKUL AGRO RESOURCES
THEMISMED,THEMIS MEDICARE
NCLIND,NCL INDUSTRIES
BALAMINES,BALAJI AMINES
VERTEXPLUS-ST,VERTEXPLUS TECHNOLOGIES L
SYSTANGO-SM,SYSTANGO TECHNOLOGIES
BANSWRAS,BANSWARA SYNTEX
ABSLLIQUID,BIRLASLAMC - ABSLLIQUID
ICRA,ICRA
GOLDSHARE,UTI GOLD ETF
DISHTV,DISH TV INDIA
NDLVENTURE,NDL VENTURES
PHOENIXLTD,THE PHOENIX MILLS
AROGRANITE,ARO GRANITE IND.
ZENITHSTL-BE,ZENITH STEEL PIP IND
BFUTILITIE,BF UTILITIES
MCON-SM,MCON RASAYAN INDIA
SRHHYPOLTD,SREE RAYALSEEMA HHP
PSUBNKIETF,ICICIPRAMC - PSUBANKICI
VELS-SM,VELS FILM INTERNATIONAL L
FORTIS,FORTIS HEALTHCARE
ALPHAGEO,ALPHAGEO (INDIA)
GSLSU,GLOBAL SURFACES
WEBELSOLAR-BE,WEBSOL ENERGY SYSTEM
TGBHOTELS,TGB BANQUETS&HOTELS
QFIL-SM,QUALITY FOILS (INDIA)
SIMBHALS-BE,SIMBHAOLI SUGARS
CHEMBOND,CHEMBOND CHEMICALS
HILTON,HILTON METAL FORGING
INSECTICID,INSECTICIDES (I)
KMSUGAR-BE,K M SUGAR MILLS
NAVINFLUOR,NAVIN FLUORINE INT.
GUJAPOLLO,GUJ. APOLLO IND.
GOACARBON,GOA CARBON
NAGREEKEXP,NAGREEKA EXPORTS
TIMETECHNO,TIME TECHNOPLAST
HGS,HINDUJA GLOBAL SOLS.
NIRMAN-SM,NIRMAN AGRI GENTICS
DLF,DLF
TECILCHEM-BE,TECIL CHEMICALS
AXSENSEX,AXISAMC - AXSENSEX
ADVANIHOTR,ADVANI HOT.& RES.(I)
NELCAST,NELCAST
V2RETAIL-BE,V2 RETAIL
TARMAT-BE,TARMAT
LOWVOL,MIRAEAMC - MANV30F
SPARC,SUN PHARMA ADV.RES.CO.LTD
MEGASOFT,MEGASOFT
ADSL,ALLIED DIGITAL SERV.
WSI,W.S.INDUSTRIES (I)
DECCANCE,DECCAN CEMENTS
VIPCLOTHNG,VIP CLOTHING
ALPA,ALPA LABORATORIES
OMAXE,OMAXE
GOLD1,KOTAK GOLD ETF
USK-BE,UDAYSHIVAKUMAR INFRA
ASIANTILES,ASIAN GRANITO IND.
AKI,AKI INDIA
CENTRALBK,CENTRAL BANK OF INDIA
SAHYADRI,SAHYADRI INDUSTRIES
ELECTHERM-BE,ELECTROTHERM (I)
KDDL,KDDL
KPRMILL,KPR MILL
TAKE,TAKE SOLUTIONS
LAL,LORENZINI APPARELS
PURVA-BE,PURAVANKARA
ISMTLTD,ISMT
CIEINDIA,CIE AUTOMOTIVE INDIA
GSEC10YEAR,MIRAEAMC - MAGS813ETF
NAGREEKCAP-BE,NAGREEKA CAP & INFR.LTD
MOTILALOFS,MOTILAL OSWAL FIN
INDOWIND,INDOWIND ENERGY
MAGNUM,MAGNUM VENTURES
CSBBANK,CSB BANK
KSCL,KAVERI SEED CO.
POWERGRID,POWER GRID CORP.
CENTUM,CENTUM ELECTRONICS
SOTAC-SM,SOTAC PHARMACEUTICALS
MANGCHEFER,MANG.CHEM.FERT.LTD
MAANALU,MAAN ALUMINIUM
ASCOM-ST,ASCOM LEASIN & INVEST
PSUBNKBEES,NIP IND ETF PSU BANK BEES
BAJAJELEC,BAJAJ ELECT.LTD
INFINIUM-SM,INFINIUM PHARMACHEM
CERA,CERA SANITARYWARE
DELTACORP,DELTA CORP
ENERGYDEV,ENERGY DEVE. CO.LTD
MOS-SM,MOS UTILITY
AVALON,AVALON TECHNOLOGIES
PSUBANK,KOTAK PSU BANK
BLAL,BEML LAND ASSETS
RELIGARE,RELIGARE ENTER.
BVCL,BARAK VALLEY CEM.
ADANIPORTS,ADANI PORT & SEZ
SILVERETF,UTIAMC - SILVERETF
EDELWEISS,EDELWEISS FIN SERV
SVLL,SHREE VASU LOGISTICS
KOLTEPATIL,KOLTE PATIL DEV.
RGL,RENAISSANCE GLOBAL
KAUSHALYA,KAUSHALYA INFRA DEV
COLPAL,COLGATE PALMOLIVE
PATTECH-ST,PATTECH FITWELL TUB COM L
JYOTHYLAB,JYOTHY LABS
AGUL-SM,A G UNIVERSAL
MADHAV-BE,MADHAV MARBLE & GRANITE
RHL,ROBUST HOTELS
KALYANIFRG-BE,KALYANI FORGE
HITECHCORP,HITECH CORPORATION
TRIL-BE,TRANS & RECTI.
ECLERX,ECLERX SERVICES
KIRLPNU,KIRLOSKAR PNEUMATIC COM L
BRIGADE,BRIGADE ENTER.
BGRENERGY-BE,BGR ENERGY SYSTEMS
BURNPUR-BE,BURNPUR CEMENT
MANAKSIA,MANAKSIA
ARIES,ARIES AGRO
PPAP,PPAP AUTOMOTIVE
DVL,DHUNSERI VENTURES
PATINTLOG,PATEL INT. LOG.
UJJIVANSFB,UJJIVAN SMALL FINANC BANK
LICNFNHGP,LICNAMC - LICNFNHGP
AMBIKCO,AMBIKA COTTON MILL
BIRLAMONEY,ADITYA BIRLA MONEY
KAVVERITEL-BE,KAVVERI TEL.
CEATLTD,CEAT
RPOWER,RELIANCE POWER
JKIL,JKUMAR INFR.LTD.
CORDSCABLE-BE,CORDS CABLE INDUS
ONMOBILE,ONMOBILE GLOBAL
KNRCON,KNR CONSTRU
QUICKTOUCH-SM,QUICKTOUCH TECHNOLOGIES L
HERCULES,HERCULES HOI.
VIRINCHI,VIRINCHI
BANG,BANG OVERSEAS
SEPC,SEPC
IRB,IRB INFRA DEV
QGOLDHALF,QUANTUM GOLD FUND
NMDC,NMDC
RAIN,RAIN INDUSTRIES
SHALPAINTS,SHALIM PAINTS
SADHNANIQ,SADHANA NITROCHEM
GSS-BE,GSS INFOTECH
RECLTD,REC
GOLDETFADD,DSPAMC - DSPGOLDETF
NAHARCAP,NAHAR CAP & FIN.
VGUARD,V-GUARD IND
PDMJEPAPER,PUDUMJEE PAPER PRO.
MANKIND,MANKIND PHARMA
DHANI,DHANI SERVICES
RACE,RACE ECO CHAIN
EIHAHOTELS,EIH ASSOCIATED HOTELS
NESCO,NESCO
ATAM-BE,ATAM VALVES
TITAGARH,TITAGARH RAIL SYSTEMS
DPSCLTD,DPSC
ACL,ANDHRA CEMENTS
DENEERS-SM,DE NEERS TOOLS
HCG,HEALTHCARE GLOB. ENT.
AVG,AVG LOGISTICS
ATALREAL-BE,ATAL REALTECH
PIGL-BE,POWER INSTRUMENT (G)
LATTEYS-BE,LATTEYS INDUSTRIES
AUROIMPEX-SM,AURO IMPEX & CHEMICALS L
HINDWAREAP,HINDWARE HME INOVATON
PRINCEPIPE,PRINCE PIPES FITTINGS
BHARATWIRE,BHARAT WIRE ROPES
KRISHCA-SM,KRISHCA STRAPPING SLTN L
REMUS-SM,REMUS PHARMACEUTICALS L
PAVNAIND,PAVNA INDUSTRIES
INFIBEAM,INFIBEAM AVENUES
EBBETF0430,EDELAMC - EBBETF0430
PANACHE-BE,PANACHE DIGILIFE
MMP,MMP INDUSTRIES
CRAYONS-SM,CRAYONS ADVERTISING
DENTALKART-SM,VASA DENTICITY
PROV-SM,PROVENTUS AGROCOM
INFOLLION-SM,INFOLLION RESEARCH SER L
VAISHALI,VAISHALI PHARMA
KIRIINDUS,KIRI INDUSTRIES
ANIKINDS,ANIK INDUSTRIES
SIGMA,SIGMA SOLVE
BAJAJ-AUTO,BAJAJ AUTO
BAJAJFINSV,BAJAJ FINSERV
PTCIL,PTC INDUSTRIES
DIGISPICE,DIGISPICE TECHNOLOGIES LT
GHCLTEXTIL,GHCL TEXTILES
GOKUL-BE,GOKUL REFOILS & SOLV
SAHANA-SM,SAHANA SYSTEM
UBL,UNITED BREWERIES
ALMONDZ,ALMONDZ GLOBAL SEC
RPGLIFE,RPG LIFE SCIENCES
MKPL-BE,M K PROTEINS
RBL,RANE BRAKE LINING
RANEENGINE,RANE ENG VALVE
KDL-SM,KORE DIGITAL
SILVRETF,MIRAEAMC - MASILVER
GET&D-BE,GE T&D INDIA
ARCHIDPLY-BE,ARCHIDPLY IND.
LOTUSEYE,LOTUS EYE HOSP & INST L
QNIFTY,QUANTUM NIFTY 50 ETF
VINYLINDIA,VINYL CHEMICALS (I)
IKIO,IKIO LIGHTING
KOKUYOCMLN,KOKUYO CAMLIN
LGBFORGE-BE,LGB FORGE
SINDHUTRAD,SINDHU TRADE LINKS
LPDC-BE,LANDMARK PR.DEV.CO.LTD
SPECTSTM-SM,SPECTRUM TALENT MGMT
URBAN-SM,URBAN ENVIRO WASTE MGMT L
DPWIRES,D P WIRES
TOUCHWOOD,TOUCHWOOD ENTERTAIN
ARTEMISMED,ARTEMIS MED SERVICE
ZFCVINDIA,ZF COM VE CTR SYS IND
20MICRONS,20 MICRONS
JOCIL,JOCIL
INDBANK,INDBANK MERCH BANK
ASHOKAMET,ASHOKA METCAST
CELLPOINT-SM,CELL POINT (INDIA)
VILINBIO-SM,VILIN BIO MED
ALKALI,ALKALI METALS
AATMAJ-SM,AATMAJ HEALTHCARE
TATAMTRDVR,TATA MOTORS DVR  A  ORD
COUNCODOS,COUNTRY CONDO S
TPHQ,TEAMO PRODUCTIONS HQ
FELDVR-BE,FUTURE ENTERPRISES
GENSOL,GENSOL ENGINEERING
MAWANASUG,MAWANA SUGARS
PATANJALI,PATANJALI FOODS
THYROCARE,THYROCARE TECH
SHARIABEES,NIP IND ETF SHARIAH BEES
HMAAGRO,HMA AGRO INDUSTRIES
PALREDTEC-BE,PALRED TECHNOLOGIES
URAVI-BE,URAVI T AND WEDG LAMP
ESFL-SM,ESSEN SPECIALITY FILMS L
MAGSON-SM,MAGSON RETAIL AND DIST L
GREENCHEF-SM,GREENCHEF APPLIANCES
CROMPTON,CROMPT GREA CON ELEC
SUMICHEM,SUMITOMO CHEM INDIA
PARAGMILK,PARAG MILK FOODS
PENTAGON-SM,PENTAGON RUBBER
IDEAFORGE,IDEAFORGE TECHNO
MIDCAPIETF,ICICIPRAMC - ICICIM150
AARTECH-BE,AARTECH SOLONICS
GLOBALPET-SM,GLOBAL PET INDUSTRIES
NEXT50,MIRAEAMC - MANXT50
SHRIPISTON,SHRIRAM PIST. & RING
CYIENTDLM,CYIENT DLM
PAKKA,PAKKA
SYNOPTICS-SM,SYNOPTICS TECHNOLOGIES L
ITETFADD,DSPAMC - DSPITETF
TRIDHYA-SM,TRIDHYA TECH
ALBERTDAVD,ALBERT DAVID
ARMANFIN,ARMAN FIN SERV
ASPINWALL,ASPINWALL & CO
SENCO,SENCO GOLD
SETFGOLD,SBI-ETF GOLD
BLS,BLS INTL SERVS
NAGAFERT,NAGARJUN FERT AND CHE
AJMERA,AJMERA REALTY & INF I
LLOYDSME,LLOYDS METALS N ENERGY L
MHRIL,MAHINDRA HOLIDAYS
SALONA,SALONA COTSPIN
UTKARSHBNK,UTKARSH SMALL FIN BANK L
GKWLIMITED-BE,GKW
VINATIORGA,VINATI ORGANICS
DRONE-SM,DRONE DESTINATION
EXCEL-BE,EXCEL REALTY N INFRA
ADANIPOWER,ADANI POWER
SETF10GILT,SBIAMC - SETF10GILT
SERVICE-SM,SERVICE CARE
NHPC,NHPC
PREMEXPLN-BE,PREMIER EXPLOSIVES
BANKETF,MIRAEAMC - BANKETF
GLOBUSSPR,GLOBUS SPIRITS
NETWEB,NETWEB TECH INDIA
OIL,OIL INDIA
NV20IETF,ICICI PRUDENTIAL NV20 ETF
CONTROLPR,CONTROL PRINT
EXPLEOSOL,EXPLEO SOLUTIONS
INCREDIBLE,INCREDIBLE INDUSTRIES
SETCO-BE,SETCO AUTOMOTIVE
RTNPOWER,RATTANINDIA POWER
MAHASTEEL,MAHAMAYA STEEL INDS
MGL,MAHANAGAR GAS
DAMODARIND,DAMODAR INDUSTRIES
AMRUTANJAN,AMRUTAJAN HEALTH
LIQUID,MIRAEAMC - LIQUID
PVTBANKADD,DSPAMC - DSPPVBKETF
ASALCBR,ASSO ALCOHOLS & BREW
MAHEPC-BE,MAHINDRA EPC IRRIG
SENSEXADD,DSPAMC - DSPSENXETF
PSUBANKADD,DSPAMC - DSPPSBKETF
MOLDTECH,MOLD-TEK TECHNOLOGIES
YCCL-SM,YASONS CHEMEX CARE
ZYDUSWELL,ZYDUS WELLNESS
SUNTECK,SUNTECK REALTY
POKARNA,POKARNA
UNIVPHOTO,UNIVERSUS IMAGINGS
ALOKINDS,ALOK INDUSTRIES
SHRITECH-SM,SHRI TECHTEX
GPTINFRA-BE,GPT INFRAPROJECTS
VIJIFIN-BE,VIJI FINANCE
LTGILTBEES,NIP IND ETF LONGTERM GILT
MIDSELIETF,ICICI PRUD MIDCAP SEL ETF
QUESS,QUESS CORP
DEN,DEN NETWORKS
ASTEC,ASTEC LIFESCIENCES
BAFNAPH-BE,BAFNA PHARMACEUTICALS
YATHARTH,YATHARTH HOSP & TRA C S L
NIITMTS,NIIT LEARNING SYSTEMS
SHILPAMED,SHILPA MEDICARE
SARDAEN,SARDA ENERGY & MIN
REFEX,REFEX INDUSTRIES
ZEAL-SM,ZEAL GLOBAL SERVICES
GROBTEA,THE GROB TEA COMPANY
ATL,ALLCARGO TERMINALS
KKVAPOW-SM,KKV AGRO POWERS
TREL,TRANSINDIA REAL ESTATE L
SOMICONVEY-BE,SOMI CONVEYOR BELT.
LLOYDSENGG,LLOYDS ENGG WORK
QUAL30IETF,ICICIPRAMC - ICICIQTY30
LTIM,LTIMINDTREE
ARSHIYA-BE,ARSHIYA
AHLUCONT,AHLUWALIA CONT IND
GILLANDERS,GILLANDERS ARBUTHNOT
DLINKINDIA,D-LINK INDIA
REDTAPE,REDTAPE
JSWENERGY,JSW ENERGY
GODREJPROP,GODREJ PROPERTIES
DBCORP,D.B.CORP
ORIANA-SM,ORIANA POWER
VINSYS-SM,VINSYS IT SERVICES IND LT
ABBOTINDIA,ABBOTT INDIA
GEEKAYWIRE,GEEKAY WIRES
BAYERCROP,BAYER CROPSCIENCE
BEARDSELL,BEARDSELL
HINDCOPPER,HINDUSTAN COPPER
SUVENPHAR,SUVEN PHARMACEUTICALS
MMTC,MMTC
NESTLEIND,NESTLE INDIA
SBICARD,SBI CARDS & PAY SER
TRF-BE,TRF
UNITEDTEA,UNITED NILGIRI TEA
WHIRLPOOL,WHIRLPOOL OF INDIA
GATECH-BE,GACM TECHNOLOGIES
VLEGOV-BE,VL E GOV AND IT SOL
SBFC,SBFC FINANCE
MBLINFRA,MBL INFRASTRUCTURE
SANGANI-SM,SANGANI HOSPITALS
ADVENZYMES,ADVANCED ENZYME TECH
MINDTECK,MINDTECK (INDIA)
YUDIZ-ST,YUDIZ SOLUTIONS
SSFL-SM,SRIVARI SPICES N FOODS L
CONCORDBIO,CONCORD BIOTECH
DBL,DILIP BUILDCON
JUBLFOOD,JUBILANT FOODWORKS
VASCONEQ,VASCON ENGINEERS
THANGAMAYL,THANGAMAYIL JEWELLERY
SRGHFL,SRG HOUSING FINANCE L
DBREALTY,VALOR ESTATE
YASHO,YASHO INDUSTRIES
DOLPHIN-BE,DOLPHIN OFF ENT (IND) L
EMMBI,EMMBI INDUSTRIES
JIOFIN,JIO FIN SERVICES
TVSSCS,TVS SUPPLY CHAIN SOL L
HATHWAY,HATHWAY CABLE & DATACOM
ARSSINFRA-BE,ARSS INFRA PROJ.
ORIENTLTD,ORIENT PRESS
TEXMOPIPES,TEXMO PIPE & PRODUCTS
KECL,KIRLOSKAR ELECTRIC CO
MANINFRA,MAN INFRA
LORDSCHLO-BE,LORDS CHLORO ALKALI
DEEPENR,DEEP ENE RESOURCES
PYRAMID,PYRAMID TECHNOPLAST
SPAL,S. P. APPARELS
CLSL-SM,CROP LIFE SCIENCE
SEL-SM,SUNGARNER ENERGIES
AEROFLEX,AEROFLEX INDUSTRIES
HDFCLIQUID,HDFCAMC - HDFCLIQUID
HNGSNGBEES,NIP IND ETF HANGSENG BEES
IVZINGOLD,INVESCO INDIA GOLD ETF
LGBBROSLTD,LG BALAKRISHNAN & BROS
VPRPL,VISHNU PRAKASH R PUNGLI L
NIFMID150,UTIAMC - NIFMID150
SAHAJ-SM,SAHAJ FASHIONS
SANDUMA,SANDUR MANG & IRON ORES L
PERSISTENT,PERSISTENT SYSTEMS
NDGL-BE,NAGA DHUNSERI GROUP
CPS-ST,C P S SHAPERS
RBLBANK,RBL BANK
MONOPHARMA-SM,MONO PHARMACARE
RISHABH,RISHABH INSTRUMENTS
RATNAVEER,RATNAVEER PRECISION ENG L
ASIANHOTNR-BE,ASIAN HOTELS (NORTH)
BIGBLOC,BIGBLOC CONSTRUCTION
BASILIC-SM,BASILIC FLY STUDIO
POWERINDIA,HITACHI ENERGY INDIA
ISFT,INTRASOFT TECH.
SABEVENTS-BE,SAB EVENTS & GOVERNANCE
SAROJA-SM,SAROJA PHARMA INDUS IND L
TVVISION-BE,TV VISION
PRAMARA-SM,PRAMARA PROMOTIONS
CUPID-BE,CUPID
DIACABS-BE,DIAMOND POWER INFRA
JLHL,JUPITER LIFE LINE HOSP L
JIWANRAM-SM,JIWANRAM SHEODUTTRA IND L
MITTAL,MITTAL LIFE STYLE
LTTS,L&T TECHNOLOGY SER.
RRKABEL,R R KABEL
GNA,GNA AXLES
KIRLOSBROS,KIRLOSKAR BROTHERS
UNIHEALTH-SM,UNIHEALTH CONSULTANCY
EMSLIMITED,EMS
ZAGGLE,ZAGGLE PREPA OCEAN SER L
SAMHI,SAMHI HOTELS
DIAMINESQ,DIAMINES & CHEMICALS
HOLMARC-SM,HOLMARC OPTO MECHATRO L
ICICIPRULI,ICICI PRU LIFE INS CO
CHAVDA-SM,CHAVDA INFRA
MARATHON,MARATHON NXTGEN REALT
NAVINIFTY,NAVIAMC - NAVINIFTY
HPL,HPL ELECTRIC & POWER
AVSL-ST,AVSL INDUSTRIES
JETKNIT-SM,JET KNITWEARS
KEL-SM,KUNDAN EDIFICE
NUVAMA,NUVAMA WEALTH MANAGE
MADHUSUDAN-SM,MADHUSUDAN MASALA
GRETEX-ST,GRETEX INDUSTRIES
SIGNATURE,SIGNATUREGLOBAL INDIA
KODYTECH-SM,KODY TECHNOLAB
KALAMANDIR,SAI SILKS (KALAMANDIR) L
YATRA,YATRA ONLINE
AURDIS-SM,AURANGABAD DISTILLERY
DRL-SM,DHANUKA REALTY
MARCO-SM,MARCO CABLE & CONDUCTOR L
IDFNIFTYET,BANDHANAMC - IDFNIFTYET
HIGREEN-SM,HI GREEN CARBON
CELLECOR-SM,CELLECOR GADGETS
GICL-SM,GLOBE INTL CARRIERS
ENDURANCE,ENDURANCE TECHNO.
TARAPUR-BE,TARAPUR TRANSFORMERS
NIRAJISPAT-BE,NIRAJ ISPAT IND
VERTOZ-BE,VERTOZ ADVERTISING
MAZDA,MAZDA
SJVN,SJVN
KSL,KALYANI STEELS
PNBHOUSING,PNB HOUSING FIN
VBL,VARUN BEVERAGES
SUNDARAM,SUNDARAM MULTI PAP
KINGFA,KINGFA SCI & TEC IND
RAJRATAN,RAJRATAN GLOBAL WIRE
KAPSTON-BE,KAPSTON SERVICES
UNIVASTU-BE,UNIVASTU INDIA
MASTER-SM,MASTER COMPONENTS
MVGJL,MANOJ VAIBHAV GEM N JEW L
JSWINFRA,JSW INFRASTRUCTURE
KIRLOSIND,KIRLOSKAR INDUSTRIES
PODDARMENT,PODDAR PIGMENTS
MANAPPURAM,MANAPPURAM FINANCE
AARVI,AARVI ENCON
ITBEES,NIP IND ETF IT
SAAKSHI-SM,SAAKSHI MEDTEC N PANELS L
SILLYMONKS,SILLY MONKS ENTERTAIN
ROLLT-BE,ROLLATAINERS
NBIFIN,N.B.I. IND. FIN. CO.
UDS,UPDATER SERVICES
KIOCL,KIOCL
MAL-SM,MANGALAM ALLOYS
DIGIKORE-SM,DIGIKORE STUDIOS
UMESLTD,USHA MARTIN EDU & SOL
INSPIRE-SM,INSPIRE FILMS
NEWJAISA-SM,NEWJAISA TECHNOLOGIES
SFL,SHEELA FOAM
TI,TILAKNAGAR INDUSTRIES
VINYAS-SM,VINYAS INNOVATIVE TECH L
HEADSUP-BE,HEADS UP VENTURES
HMVL,HINDUSTAN MEDIA VENT
VALIANTLAB,VALIANT LABORATORIES
TCIEXP,TCI EXPRESS
SENSEXETF,MIRAEAMC - SENSEXETF
AARTISURF,AARTI SURFACTANTS
LAURUSLABS,LAURUS LABS
IMFA,INDIAN METALS & FERRO
MONIFTY500,MOTILALAMC - MONIFTY500
ARABIAN-SM,ARABIAN PETROLEUM
BLISSGVS,BLISS GVS PHARMA
EFACTOR-SM,E FACTOR EXPERIENCES
EMAMIREAL,EMAMI REALTY
THEJO,THEJO ENGINEERING
KONTOR-SM,KONTOR SPACE
MOM50,MOTILAL OSWAL M50 ETF
TERASOFT-BE,TERA SOFTWARE
ITDC,INDIA TOUR. DEV. CO.
VISHNUINFR-SM,VISHNUSURYA PROJ N INFR L
HISARMETAL,HISAR METAL IND.
PROLIFE-SM,PROLIFE INDUSTRIES
GOYALSALT-SM,GOYAL SALT
CANARYS-SM,CANARYS AUTOMATIONS
SPCENET,SPACENET ENTERS IND
OLIL-SM,ONECLICK LOGISTICS IND L
BOROLTD,BOROSIL
ROSSARI,ROSSARI BIOTECH
AHLEAST,ASIAN HOTELS (EAST)
CAPTRUST,CAPITAL TRUST
PLAZACABLE,PLAZA WIRES
KARNIKA-SM,KARNIKA INDUSTRIES
SCML-SM,SHARP CHUCKS N MACHINES L
PLADAINFO-SM,PLADA INFOTECH SERVICES L
SECMARK-BE,SECMARK CONSULTANCY
TCLCONS,TANTIA CONSTRUCTIONS
COMMITTED-SM,COMMITTED CARGO CARE
IITL,INDUSTRIAL INV TRUST
BAJAJCON,BAJAJ CONSUMER CARE
HDFCGOLD,HDFC GOLD ETF
BHANDARI,BHANDARI HOSIERY EXP
UGARSUGAR,THE UGAR SUGAR WORKS
ACSAL-SM,ARVIND AND COMPANY
BSE,BSE
IRMENERGY,IRM ENERGY
PRAKASHSTL-BE,PRAKASH STEELAGE
WOMANCART-SM,WOMANCART
PRICOLLTD,PRICOL
ITETF,MIRAEAMC - ITETF
ALPHAETF,MIRAEAMC - ALPHAETF
MAXESTATES,MAX ESTATES
KALYANI-BE,KALYANI COMMERCIALS
GOLDIETF,ICICI PRUDENTIAL GOLD ETF
RCDL-SM,RAJGOR CASTOR DERIVATI L
BLUEJET,BLUE JET HEALTHCARE
JITFINFRA,JITF INFRALOGISTICS
ONDOOR-SM,ON DOOR CONCEPTS
LIQUIDSBI,SBIAMC - LIQUIDSBI
GPPL,GUJARAT PIPAVAV PORT
SHANTHALA-SM,SHANTHALA FMCG PRODUCTS L
ADFFOODS,ADF FOODS
PARAGON-SM,PARAGON FINE S.C.
MUFIN,MUFIN GREEN FINANCE
CELLO,CELLO WORLD
WELINV,WELSPUN INV & COMM
TRANSTEEL-SM,TRANSTEEL SEATING TECH L
MAITREYA-SM,MAITREYA MEDICARE
HONASA,HONASA CONSUMER
SARTELE-SM,SAR TELEVENTURE
AMNPLST,AMINES & PLASTICIZERS
LGHL-BE,LAXMI GOLDORNA HOUSE
RADIOCITY,MUSIC BROADCAST
ESAFSFB,ESAF SMALL FINANCE BANK L
MICROPRO-SM,MICROPRO SOFTWARE SOL L
DMART,AVENUE SUPERMARTS
ORISSAMINE,ORISSA MIN DEV CO
EGOLD,EDELAMC - EGOLD
KILITCH,KILITCH DRUGS INDIA
DEEPAKNTR,DEEPAK NITRITE
SASTASUNDR,SASTASUNDAR VENTURES
INTENTECH,INTENSE TECHNOLOGIES
INFRABEES,NIP IND ETF INFRA BEES
EROSMEDIA,EROS INTL MEDIA
CAREERP,CAREER POINT
TASTYBITE,TASTY BITE EATABLES
GREENPOWER,ORIENT GREEN POWER CO
RAMKY,RAMKY INFRA
BABAFP-SM,BABA FOOD PROCESSING
ASKAUTOLTD,ASK AUTOMOTIVE
ARIHANTSUP,ARIHANT SUPERSTRUCT
CANTABIL,CANTABIL RETAIL
ROXHITECH-SM,ROX HI TECH
AKSHARCHEM,AKSHARCHEM INDIA
ASHOKA,ASHOKA BUILDCON
WABAG,VA TECH WABAG
BEDMUTHA,BEDMUTHA INDUST
URJA,URJA GLOBAL
SUNREST-SM,SUNREST LIFESCIENCE
CLEDUCATE,CL EDUCATE
JWL,JUPITER WAGONS
OBEROIRLTY,OBEROI REALTY
ESILVER,EDELAMC - ESILVER
IREDA,INDIAN RENEWABLE ENERGY
ROCKINGDCE-SM,ROCKINGDEALS CIRCU ECO L
TATATECH,TATA TECHNOLOGIES
SHAH,SHAH METACORP
PRESTIGE,PRESTIGE ESTATE
GANDHAR,GANDHAR OIL REFINE IND L
NRAIL,N R AGARWAL INDS
SHANKARA,SHANKARA BLDG PRODUCT
FEDFINA,FEDBANK FINANCIAL SER L
RESPONIND,RESPONSIVE INDUSTRIES
CGCL,CAPRI GLOBAL CAPITAL
FLAIR,FLAIR WRITING INDUST
COALINDIA,COAL INDIA
CBAZAAR-SM,NET AVENUE TECHNOLOGIES L
MARINETRAN-SM,MARINETRANS INDIA
IOLCP,IOL CHEM AND PHARMA
NACLIND,NACL INDUSTRIES
SHEETAL-ST,SHEETAL UNIVERSAL
APCL,ANJANI PORTLAND CEM
GRAPHISAD-SM,GRAPHISADS
WIPL,THE WESTERN INDIA PLY
ACCENTMIC-SM,ACCENT MICROCELL
PRESSTONIC-SM,PRESSTONIC ENGINEERING L
ASLIND-ST,ASL INDUSTRIES
PRUDMOULI,PRUDENTIAL SUGAR CORPORAT
BAJEL,BAJEL PROJECTS
AXISGOLD,AXIS MF - AXIS GOLD ETF
GRAVITA,GRAVITA INDIA
SJLOGISTIC-SM,S J LOGISTICS (INDIA)
BBNPPGOLD,BARODABNP - BBNPPGOLD
DOMS,DOMS INDUSTRIES
INDIASHLTR,INDIA SHELTER FIN CORP L
DOLLAR,DOLLAR INDUSTRIES
SHREEOSFM-SM,SHREE OSFM E-MOBILITY
INOXINDIA,INOX INDIA
SUPERHOUSE,SUPERHOUSE
PENIND,PENNAR INDUSTRIES
JINDWORLD,JINDAL WORLDWIDE
SCHAND,S CHAND AND COMPANY
RPPINFRA,R.P.P INFRA PROJECTS
BHAGYANGR,BHAGYANAGAR INDIA
JAMNAAUTO,JAMNA AUTO IND
MOTISONS,MOTISONS JEWELLERS
SURAJEST,SURAJ ESTATE DEVELOPERS L
HUDCO,HSG & URBAN DEV CORPN
MOIL,MOIL
MUTHOOTMF,MUTHOOT MICROFIN
HAPPYFORGE,HAPPY FORGINGS
ZEELEARN-BE,ZEE LEARN
PSPPROJECT,PSP PROJECTS
MUFTI,CREDO BRANDS MARKETING L
RBZJEWEL-BE,RBZ JEWELLERS
EFORCE-SM,ELECTRO FORCE (INDIA)
AZAD,AZAD ENGINEERING
A2ZINFRA-BE,A2Z INFRA ENGINEERING
JALAN-SM,JALAN TRANSOLU. INDIA
KIRLOSENG,KIRLOSKAR OIL ENG
RKDL-BE,RAVI KUMAR DIST.
SUNCLAY,SUNDARAM CLAYTON
VSCL-ST,VADIVARHE SPCLTY CHEM
PSB,PUNJAB & SIND BANK
FMNL,FUTURE MKT NETWORKS
INDIFRA-SM,INDIFRA
INNOVACAP,INNOVA CAPTAB
SUPREMEPWR-SM,SUPREME POWER EQUIPMENT L
TECHLABS-SM,TRIDENT TECHLABS
SURANASOL-BE,SURANA SOLAR
STARCEMENT,STAR CEMENT
SAIFL-SM,SAMEERA AGRO AND INFRA L
SPYL-BE,SHEKHAWATI POLY-YARN
HRHNEXT-SM,HRH NEXT SERVICES
BFINVEST,BF INVESTMENT
KICL,KALYANI INVEST CO
AKANKSHA-SM,AKANKSHA POWER N INFRA L
TEJASNET,TEJAS NETWORKS
ERIS,ERIS LIFESCIENCES
KCEIL-SM,KAY CEE ENERGY & INFRA L
CDSL,CENTRAL DEPO SER (I)
KLL-SM,KAUSHALYA LOGISTICS
GTPL,GTPL HATHWAY
ACCORD-SM,ACCORD SYNERGY
AUBANK,AU SMALL FINANCE BANK
AXISNIFTY,AXISAMC - AXISNIFTY
LOWVOLIETF,ICICI PR NIF LW VL 30 ETF
DIGIDRIVE-BE,DIGIDRIVE DISTRIBUTORS L
TRANSWIND-SM,TRANSWIND INFRA
SUMMITSEC,SUMMIT SECURITIES
DYNPRO,DYNEMIC PRODUCTS
JYOTICNC,JYOTI CNC AUTOMATION
STEELXIND,STEEL EXCHANGE INDIA
IBLFL-SM,IBL FINANCE
SALASAR,SALASAR TECHNO ENGG.
PALASHSECU,PALASH SECURITIES
MAGADSUGAR,MAGADH SUGAR & ENERGY
GANGESSECU,GANGES SECURITIES
TATAGOLD,TATAAML-TATAGOLD
AVADHSUGAR,AVADH SUG & ENERGY
MOM100,MOTILAL OS MIDCAP100 ETF
THEINVEST,THE INVEST TRUST OF IND L
TATSILV,TATAAML-TATSILV
APS-SM,AUSTRALIAN PREM SOLAR I L
OPTIEMUS,OPTIEMUS INFRACOM
UTINEXT50,UTIAMC - UTINEXT50
STEL,STEL HOLDINGS
SIS,SIS
COCHINSHIP,COCHIN SHIPYARD
JUBLINDS,JUBILANT INDUSTRIES
SMSLIFE,SMS LIFESCIENCES (I)
COMSYN,COMMERCIAL SYN BAGS
ABCAPITAL,ADITYA BIRLA CAPITAL
APEX,APEX FROZEN FOODS
PASHUPATI-SM,PASHUPATI COTSPIN
HINDMOTORS,HINDUSTAN MOTORS
BRNL-BE,BHARAT ROAD NETWORK
DIXON,DIXON TECHNO (INDIA)
MAXPOSURE-SM,MAXPOSURE
MANAV-SM,MANAV INFRA PROJECTS
DCAL,DISHMAN CARBO AMCIS
MEDIASSIST,MEDI ASSIST HEALTH SER L
LASA,LASA SUPERGENERICS
MATRIMONY,MATRIMONY.COM
RHFL-BE,RELIANCE HOME FINANCE
CHOLAHLDNG,CHOLAMANDALAM FIN HOL
CAPACITE,CAPACITE INFRAPROJECT
LIQUIDCASE,ZERODHAAMC - LIQUIDCASE
ICICIGI,ICICI LOMBARD GIC
MPTODAY-SM,M P TODAY MEDIA
DAVANGERE,DAVANGERE SUGAR COMPANY L
SBILIFE,SBI LIFE INSURANCE CO
RMDRIP-SM,R M DRIP & SPRINK SYS
CADSYS-ST,CADSYS (INDIA)
TEXRAIL,TEXMACO RAIL & ENG.
DIAMONDYD,PRATAAP SNACKS
TIRUPATI-SM,SHREE TIRUPATI BALAJEE
HFCL,HFCL
INDTERRAIN,IND TERRAIN FASHIONS
BANKBETF,BFAM - BANKBETF
DHUNINV,DHUNSERI INVESTMENTS
EBBETF0431,EDELAMC - EBBETF0431
EBBETF0425,EDELAMC - EBBETF0425
NDRAUTO,NDR AUTO COMPONENTS
WORTH,WORTH PERIPHERALS
TIRUPATIFL-BE,TIRUPATI FORGE
ALPL30IETF,ICICIPRAMC - ICICIALPLV
MACPOWER-BE,MACPOWER CNC MACHINES
MCL,MADHAV COPPER
ITIETF,ICICIPRAMC - ICICITECH
MAXHEALTH,MAX HEALTHCARE INS
LOVABLE,LOVABLE LINGERIE
TOTAL-BE,TOTAL TRANSPORT SYS
MAXIND,MAX INDIA
HDFCNIFBAN,HDFCAMC - HDFCNIFBAN
UTIBANKETF,UTIAMC - UTIBANKETF
EPACK,EPACK DURABLE
LAWSIKHO-SM,ADDICTIVE LEARNING TECH L
KONSTELEC-SM,KONSTELEC ENGINEERS
NOVAAGRI,NOVA AGRITECH
NIFITETF,UTIAMC - NIFITETF
FONEBOX-SM,FONEBOX RETAIL
NIF5GETF,UTIAMC - NIF5GETF
NIF10GETF,UTIAMC - NIF10GETF
DELAPLEX-SM,DELAPLEX
DHTL-SM,DOCMODE HEALTH TECH
MEGATHERM-SM,MEGATHERM INDUCTION
BLSE,BLS E-SERVICES
BAWEJA-SM,BAWEJA STUDIOS
HEALTHADD,DSPAMC - HEALTHADD
HDFCPSUBK,HDFCAMC HDFCPSUBK
PFS,PTC INDIA FIN SERV
ITALIANE-SM,ITALIAN EDIBLES
PARKHOTELS,PARKHOTELS
SIGNPOST,SIGNPOST INDIA
JSFB,JANA SMALL FIN BANK
RPTECH,RASHI PERIPHERALS
CAPITALSFB,CAPITAL SMALL FIN BANK L
ALPEXSOLAR-SM,ALPEX SOLAR
POLYSIL-SM,POLYSIL IRRIGATION SYST L
ENTERO,ENTERO HEALTHCARE SOLU L
LICNMID100,LICNAMC - LICNMID100
WTICAB-SM,WISE TRAVEL INDIA
VSTL-BE,VIBHOR STEEL TUBES
MON100,MOTILAL OS NASDAQ100 ETF
ESCONET-SM,ESCONET TECHNOLOGIES
INM-SM,INTERIORS & MORE
TCL-SM,THAAI CASTING
KTL-SM,KALAHRIDHAAN TRENDZ
ATMASTCO-SM,ATMASTCO
DEEM-SM,DEEM ROLL TECH
ZENITHDRUG-SM,ZENITH DRUGS
JUNIPER,JUNIPER HOTELS
SMALLCAP,MIRAEAMC - SMALLCAP
GPTHEALTH,GPT HEALTHCARE
SADHAV-SM,SADHAV SHIPPING
GOLDCASE,ZERODHAAMC - GOLDCASE
OWAIS-SM,OWAIS METAL & MINERAL
PLATIND,PLATINUM INDUSTRIES
PURVFLEXI-SM,PURV FLEXIPACK
EXICOM,EXICOM TELE SYSTEMS
MVKAGRO-SM,M.V.K. AGRO FOOD PROD
MUKKA,MUKKA PROTEINS
VR-SM,V R INFRASPACE
LANCORHOL,LANCOR HOLDINGS
RKSWAMY,R K SWAMY
SONAMAC-SM,SONA MACHINERY
JGCHEM,J.G.CHEMICALS
GOPAL,GOPAL SNACKS
SHREEKARNI-SM,SHREE KARNI FABCOM
PRATHAM-SM,PRATHAM EPC PROJECTS
SCILAL,SHIPPING CORP OF ILA
PVSL,POPULAR VEHICLES N SER L
SIGNORIA-SM,SIGNORIA CREATION
AVPINFRA-SM,AVP INFRACON
KRYSTAL,KRYSTAL INTEGRATED SER L
MOSMALL250,MOTILALAMC - MOSMALL250
MOREALTY,MOTILALAMC - MOREALTY
ENFUSE-SM,ENFUSE SOLUTIONS
ENSER-SM,ENSER COMMUNICATIONS
SABTNL-BE,SRI ADHIKARI BRO TELE N L
VISHWAS-SM,VISHWAS AGRI SEEDS
NAMAN-SM,NAMAN IN-STORE (INDIA) L
ASPIRE-SM,ASPIRE & INNOVATIVE ADV L
SRM,SRM CONTRACTORS
LIQUIDADD,DSPAMC - LIQUIDADD
BLUEPEBBLE-SM,BLUE PEBBLE
TRUST-SM,TRUST FINTECH
TAC-SM,TAC INFOSEC
RADIOWALLA-SM,RADIOWALLA NETWORK
YASHOPTICS-SM,YASH OPTICS & LENS
K2INFRA-SM,K2 INFRAGEN
CGRAPHICS-SM,CREATIVE GRAPHICS S IND L
ALUWIND-SM,ALUWIND ARCHITECTURAL
SINCLAIR,SINCLAIRS HOTELS
DRSCARGO-ST,DRS CARGO MOVERS
BHARTIHEXA,BHARTI HEXACOM
TARACHAND-BE,TARA CHAND INFRA SOLN
DCG-SM,DCG CABLES & WIRES
TGL-SM,TEERTH GOPICON
AIIL,AUTHUM INVEST & INFRA
BIRDYS-SM,GRILL SPLENDOUR SER
RBS-SM,RAMDEVBABA SOLVENT
GLOSTERLTD,GLOSTER
BALUFORGE,BALU FORGE INDUSTRIES
JNKINDIA,JNK INDIA
FILATFASH,FILATEX FASHIONS
MUTHOOTFIN,MUTHOOT FINANCE
SLONE-SM,SLONE INFOSYSTEMS
INDGN,INDEGENE
WINSOL-SM,WINSOL ENGINEERS
REFRACTORY-SM,REFRACTORY SHAPES
AADHARHFC,AADHAR HOUSING FINANCE L
SILKFLEX-SM,SILKFLEX POLYMERS INDIA L
TBOTEK,TBO TEK
EMMIL-SM,ENERGY MISSION MACH IND L
PRLIND-SM,PREMIER ROADLINES
VERITAAS-SM,VERITAAS ADVERTISING
MANDEEP-SM,MANDEEP AUTO INDUSTRIES L
ABSMARINE-SM,ABS MARINE SERVICES
IEML-SM,INDIAN EMULSIFIERS
QUESTLAB-SM,QUEST LABORATORIES
GODIGIT,GO DIGIT GENERAL INS
BSLGOLDETF,ADITYBIRLA SL GOLD ETF-GR
ABSLPSE,BIRLASLAMC-ABSLPSE
HOACFOODS-SM,HOAC FOODS INDIA
RULKA-SM,RULKA ELECTRICALS
MIDSMALL,MIRAEAMC - MIDSMALL
AWFIS,AWFIS SPACE SOLUTIONS
GSMFOILS-ST,GSM FOILS
VILAS-SM,VILAS TRANSCORE
LIQUIDBETF,BFAM - LIQUIDBETF
BEACON-SM,BEACON TRUSTEESHIP
ZTECH-SM,Z-TECH (INDIA)
AIMTRON-SM,AIMTRON ELECTRONICS
BOROSCI,BOROSIL SCIENTIFIC
TBI-SM,TBI CORN
KRONOX,KRONOX LAB SCIENCES
IXIGO,LE TRAVENUES TECHNOLOGY L
MID150CASE,ZERODHAAMC - MID150CASE
TOP100CASE,ZERODHAAMC - TOP100CASE
GPECO-SM,GP ECO SOLUTIONS INDIA L
BBNPNBETF,BARODABNP - BBNPNBETF
RETAIL,JHS SVENDGAARD RETAIL V L
FALCONTECH-SM,FALCON TECHNOPROJ IND
DEEDEV,DEE DEVELOPMENT ENG
AFIL,AKME FINTRADE (INDIA)
DURLAX-SM,DURLAX TOP SURFACE
WINNY-SM,WINNY IMMIGRA & EDU SER L
PIIND,PI INDUSTRIES
SYMPHONY,SYMPHONY
VADILALIND,VADILAL INDUSTRIES
MITCON-RE-BE,MITCON CON
IVZINNIFTY,INVESCO INDIA NIFTY ETF
RELAXO,RELAXO FOOT
STANLEY,STANLEY LIFESTYLES
OMINFRAL-BE,OM INFRA
MEDIORG-ST,MEDICAMEN ORGANICS
SPCL-ST,SHIVALIC POWER CONTROL L
ESTER,ESTER INDUSTRIES
SYLVANPLY-ST,SYLVAN PLYBOARD (INDIA) L
VISAMAN-ST,VISAMAN GLOBAL SALES
MASON-ST,MASON INFRATECH
DPEL-ST,DIVINE POWER ENERGY
VSTTILLERS,VST TILLERS TRACTORS
PCCL-ST,PETRO CARBON AND CHEMI L
AKIKO-ST,AKIKO GLOBAL SERVICES L
ABDL,ALLIED BLEND N DISTILS L
DTL-ST,DIENSTEN TECH
VRAJ-BE,VRAJ IRON AND STEEL
NEPHROCARE-ST,NEPHRO CARE INDIA
SEPC-RE2-BE,SEPC
BHANDA-RE1-BE,BHANDARI HOSIERY EXP
SBISILVER,SBIAMC - SBISILVER
LIQUIDSHRI,SHRIRAM - LIQUIDSHRI
RELIABLE,RELIABLE DATA SERVICE
KARMAENG,KARMA ENERGY
BANSALWIRE,BANSAL WIRE INDUSTRIES L
DELPHIFX-BE,DELPHI WORLD MONEY
EMCURE,EMCURE PHARMACEUTICALS L
ASHIANA,ASHIANA HOUSING
ABGSEC,BIRLASLAMC - ABGSEC
DHANUKA,DHANUKA AGRITECH
AMBEY-ST,AMBEY LABORATORIES
FILATEX,FILATEX INDIA
MAITHANALL,MAITHAN ALLOYS
RUSHIL,RUSHIL DECOR
BSLNIFTY,ADITYBIRLA SL NIF ETF-GR
INVENTURE,INVENTURE GRO & SEC
ELGIRUBCO-BE,ELGI RUBBER CO.
LTF,L&T FINANCE
WINDMACHIN,WINDSOR MACHINES
YAARI-BE,YAARI DIGI INT SER
BODALCHEM,BODAL CHEMICALS
WINSOME-BE,WINSOME YARNS
TREEHOUSE,TREE HOUSE EDU
ASAHISONG,ASAHI SONGWON COLOR
BROOKS-BE,BROOKS LAB
TDPOWERSYS,TD POWER SYSTEMS
TECHIN-BE,TECHINDIA NIRMAN
APLLTD,ALEMBIC PHARMA
VASWANI-BE,VASWANI IND
PGEL,PG ELECTROPLAST
PANAMAPET,PANAMA PETROCHEM
PAISALO,PAISALO DIGITAL
TIJARIA-BE,TIJARIA POLYPIPES
ONELIFECAP-BE,ONELIFE CAP ADVISORS
FLEXITUFF-BE,FLEXITUFF VENTURES INT L
SHAKTIPUMP-BE,SHAKTI PUMPS (I)
TRITURBINE,TRIVENI TURBINE
INDOTHAI,INDO THAI SEC
ESSARSHPNG,ESSAR SHIPPING
LICMFGOLD,LIC MF - LIC GOLD ETF
JISLDVREQS,JAIN DVR EQUITY SHARES
DSSL,DYNACONS SYS & SOLN
POLYMED,POLY MEDICURE
RUPA,RUPA & COMPANY
VIKASECO,VIKAS ECOTECH
APLAPOLLO,APL APOLLO TUBES
KANANIIND,KANANI INDUSTRIES
MINDACORP,MINDA CORPORATION
HEXATRADEX,HEXA TRADEX
TBZ,TRIB BHIMJI ZAVERI
VSSL,VARDHMAN SPC STEEL
SWANENERGY,SWAN ENERGY
SPECIALITY,SPECIALITY REST
CINELINE,CINELINE INDIA
RTNINDIA,RATTANINDIA ENT
SAMPANN-BE,SAMPANN UTPADAN INDIA
PROZONER,PROZONE REALTY
KITEX,KITEX GARMENTS
MAYURUNIQ,MAYUR UNIQUOTERS
ROSSELLIND,ROSSELL INDIA
DUCON-BE,DUCON INFRATECHNOLOGIES L
TVSHLTD,TVS HOLDINGS
ZUARI,ZUARI AGRO CHEMICALS
CARERATING,CARE RATINGS
PCJEWELLER,PC JEWELLER
INDUSTOWER,INDUS TOWERS
VMART,VMART RETAIL
MOHITIND-BE,MOHIT INDUSTRIES
ANKITMETAL-BE,ANKIT MET & POW
NIF100BEES,NIP IND ETF NIFTY 100
REPCOHOME,REPCO HOME FINANCE
NIBL,NRB INDUS. BEARINGS
VIVIDHA-BE,VISAGAR POLYTEX
JUSTDIAL,JUSTDIAL
CEREBRAINT-BE,CEREBRA INT TECH
ATULAUTO,ATUL AUTO
ORIENTCEM,ORIENT CEMENT
ABFRL,ADITYA BIRLA FASHION & RT
IBULHSGFIN,INDIABULLS HSG FIN
ESSENTIA-BE,INTEGRA ESSENTIA
NIF100IETF,ICICI PRUD NIFTY 100 ETF
PILITA,PIL ITALICA LIFESTYLE
THOMASCOTT-BE,THOMAS SCOTT (INDIA)
DBSTOCKBRO,DB (INT) STOCK BROKERS
COMPUSOFT,COMPUCOM SOFTWARE
RHIM,RHI MAGNESITA INDIA
MCX,MULTI COMMODITY EXCHANGE
SCHNEIDER,SCHNEIDER ELECTRIC INFRA
NDL,NANDAN DENIM
MTEDUCARE-BE,MT EDUCARE
NBCC,NBCC (INDIA)
LYPSAGEMS,LYPSA GEMS & JEWEL
ORBTEXP,ORBIT EXPORTS
JPOLYINVST,JIND POL INV & FIN CO
SREEL,SREELEATHERS
